Loan ID,"Status (Fully Paid=1, Not Paid=0)"
1856772,0
544915,0
2079551,0
2514828,1
396145,1
734817,0
396154,0
637408,1
493460,1
2370413,0
2311888,1
388347,1
2366930,0
2311049,0
637762,1
2300581,0
772296,1
2378442,0
2226059,1
2367601,0
788061,1
977644,1
431678,0
2366933,1
2369351,1
789053,1
2285088,0
1111620,1
1132914,1
441717,0
475531,0
1955042,1
1200455,1
979272,1
557484,0
452944,1
2382647,0
513687,0
715522,1
448111,1
474090,1
2184774,1
416753,1
388882,1
433667,0
452706,0
1097728,1
2374856,0
647374,0
500117,1
2079178,0
127504,0
449546,1
866840,1
548515,0
482319,1
426877,1
2093171,1
466101,1
423064,1
675717,1
2435485,1
157308,1
397651,1
298280,1
1207182,1
2078122,1
1140824,1
583179,1
444305,1
1086514,1
2305781,1
2378037,0
455781,0
973077,1
2306453,1
406894,0
2081511,1
2445102,1
429147,0
381739,0
364376,0
2300330,1
429170,0
498827,1
1142603,0
414410,1
594261,0
2185574,1
1481767,1
1200263,1
2378445,0
526344,1
401782,0
2367411,1
876296,0
2365316,1
637323,1
377511,0
2307802,1
833816,0
2227517,1
1334445,1
1217719,1
373583,0
1178180,1
303615,1
456643,0
453783,1
2299379,1
1198629,1
2444652,1
560787,0
476083,1
574900,0
667752,1
473390,1
721920,1
1360233,0
373183,1
2124605,1
2305245,1
2365777,1
293410,0
792768,1
2294897,0
407794,0
2306484,1
1855760,1
2080629,0
594924,0
386288,1
370893,1
876351,1
1565916,0
2372913,0
631419,1
402988,1
535351,1
603426,1
2309736,1
394291,1
463133,1
2381007,1
889934,1
874928,1
535672,1
2475800,1
398139,1
608112,1
2296674,1
490446,0
490412,0
2308129,1
353173,1
362809,1
391348,1
2371402,0
395277,0
2375874,1
361530,1
628865,1
844527,1
2075471,1
2377135,1
435606,0
2082360,1
307293,0
2475052,1
578968,0
440642,1
1634905,1
378855,1
354885,1
308897,1
629369,0
1172901,1
1380947,1
2365984,1
2297597,1
446507,0
609015,0
149203,0
539020,0
366620,1
770645,1
157855,0
2083158,1
490965,0
2089933,1
466126,1
505259,0
2310236,0
495527,0
1856689,1
2377518,0
543331,1
2074721,1
689064,0
894329,1
814053,0
1005073,1
351620,0
596281,1
452882,1
630666,1
490031,1
745054,1
418522,1
499756,0
384952,1
2218432,1
2044628,1
2366425,1
2284795,1
478320,1
244261,0
749298,1
402555,1
554512,1
2297305,0
2275484,1
534183,0
739289,1
797209,1
521816,0
374884,0
609219,0
2218715,0
637278,1
273165,1
768796,1
509330,1
604163,1
492076,0
1264924,1
2074848,0
572277,0
619077,0
996559,1
427619,1
254250,1
398427,1
357887,1
435864,1
1171828,1
323322,1
1159574,0
2306822,1
2306599,0
196574,0
2092334,0
436481,0
153178,1
2475953,1
1386394,1
1142406,0
484965,0
358702,1
725871,1
1009320,0
490460,0
2372226,0
259595,0
504146,0
2084362,1
478224,1
224614,0
2091141,0
215531,1
2414864,1
2367133,1
430666,0
642840,1
2300879,1
515491,0
370435,0
594789,1
454549,1
566363,1
2375509,0
2376052,1
486440,0
450272,0
2308151,1
828138,1
579229,1
1171638,1
570266,0
2285969,0
275339,1
604483,0
422374,0
481470,1
1865374,1
767220,0
2382193,0
612044,1
374254,1
468826,1
1483199,0
695672,1
2084391,0
2094047,1
480005,1
217788,1
485035,0
1362392,0
2299144,1
380572,0
496829,0
464535,0
355345,0
431294,1
376088,1
667933,0
2301427,1
519124,0
436231,0
2309537,0
461175,1
1954609,1
816698,1
247062,1
2310607,0
2175318,0
976241,0
1035067,0
1026174,1
2298095,1
533289,1
366208,0
422701,1
443099,1
745712,0
387512,0
308503,1
2175833,0
407684,0
721472,1
628376,1
1260696,1
547254,0
540270,1
607161,0
641107,1
2284981,1
471412,1
850448,0
498108,1
501747,1
1111266,1
509516,1
119043,0
365196,0
833467,1
367056,1
2375933,1
865583,1
376923,1
1216309,0
1575410,1
282301,0
551231,1
670271,1
774683,1
882885,0
561595,0
586998,0
729617,1
506708,1
254085,1
711408,1
628812,0
546248,1
604119,0
381068,1
632884,1
1577264,0
533748,1
2091378,1
668218,1
2374891,0
853474,0
350621,1
1236227,0
2487705,1
1348897,0
271356,0
2144944,0
984910,0
388494,0
376010,0
2286608,0
587381,1
1090403,1
357872,1
632896,1
701951,0
884068,1
642855,1
675316,1
2414660,1
2015154,0
415801,0
881823,1
2311253,0
498554,0
2301085,0
485281,1
668106,1
2226977,1
500543,1
404992,1
382687,1
1053280,0
1214138,0
68400,1
1026856,1
449739,1
458433,1
66339,0
2216301,1
622261,1
2380633,1
412736,1
2299311,1
1032418,0
2379361,0
443530,0
452435,1
2295231,0
261456,0
519485,0
443419,1
468609,1
182589,1
425961,1
463333,1
647277,1
2476189,0
131223,1
506495,0
505411,0
2310467,0
348587,1
397316,1
1172982,1
438443,0
2475122,1
1213048,1
1690524,1
2377223,1
2484754,1
866538,0
616882,1
489091,1
975107,1
389310,1
1238470,0
408144,1
618115,1
807957,0
1354349,1
1210212,1
481536,0
388991,1
1158526,1
373637,1
2305936,1
2054891,1
454334,0
429234,0
533562,0
1374040,1
661361,1
2224904,1
422759,0
386126,0
834642,0
459316,1
2367137,0
461664,1
441826,1
1675599,0
1954588,1
754240,1
438922,1
422328,0
413254,0
2276435,1
480805,1
386188,1
2225961,1
477924,1
377027,1
2367603,0
533368,0
1587402,1
704995,1
474309,1
752339,0
1088513,0
2229377,1
359696,1
446167,1
154286,1
710390,1
454773,0
497179,1
2435428,1
210247,0
832403,1
339348,1
2379623,1
725404,1
390669,1
157610,1
144609,1
479215,1
2074649,1
406071,1
751248,0
271652,1
2307956,1
475549,1
482432,0
397142,0
1075088,1
374672,1
565696,1
499637,1
1185393,1
1060626,0
2381213,0
587271,1
2372771,1
264152,0
443251,1
973403,0
2486122,1
2077393,1
600258,1
2365966,1
390261,1
554909,0
420472,1
1857072,0
517956,1
1127375,0
765206,1
449935,1
217723,1
2295172,1
139968,1
1704631,0
617381,0
536589,1
111917,0
348393,1
2091327,0
590946,0
323288,0
753121,0
2380259,0
462643,1
460116,1
2297585,1
716075,0
589412,1
294274,0
433080,0
2373453,0
774816,0
772268,1
363803,0
665939,1
355954,1
981950,0
480835,1
2286000,0
825643,1
2487395,1
262618,1
433031,0
2081946,1
776948,0
405963,0
412217,0
1600188,0
434244,0
389701,0
390159,0
2144927,0
2306160,0
1011873,1
2076149,0
2093995,0
2364878,1
564712,1
487488,1
692765,1
549257,0
2301838,1
252324,1
837393,0
825164,0
262669,0
582374,1
2334898,1
509727,0
2296340,0
91175,1
1396103,0
1905016,0
424873,0
1306417,1
586853,1
550597,1
2299851,0
511394,1
1015500,1
235551,0
1285725,1
500440,1
584161,1
690766,0
375998,1
2074620,1
349160,0
2085027,0
482572,1
245586,1
978962,0
825058,0
1109197,1
578633,0
968042,0
792026,0
2175476,1
1020660,1
369400,1
644529,1
443796,1
2377926,1
687022,1
528195,0
156540,0
391135,1
1628249,0
666141,0
807941,0
392513,1
524664,0
186481,0
968860,1
391872,1
592606,1
390436,1
343957,0
2215683,1
2368568,1
2079055,1
375576,0
678086,0
1200124,1
422379,1
2374827,1
1143950,0
2295079,0
1607014,1
2174843,0
2083185,1
503239,0
279901,0
1856125,1
2367663,0
2264623,1
367980,0
453308,0
1680583,1
716333,0
281864,0
393847,1
456132,1
449869,0
433311,1
1695977,0
527191,1
2044897,1
297495,0
2005043,1
2092065,0
2377349,0
2089276,1
2093923,0
411759,0
1684877,0
1077665,0
2367455,0
2306575,1
498448,0
2084839,0
2297523,1
570462,1
2368522,0
1945641,1
445535,1
561192,1
438724,1
281841,1
617775,1
140452,1
546240,1
464904,0
656493,1
350532,1
359727,1
2377449,1
2378801,1
447792,0
835269,1
406815,0
210956,1
988636,0
520545,1
560227,1
2372835,1
1059100,1
619112,0
499049,0
2080239,1
751920,1
2306546,0
982991,1
356286,1
1684391,0
1049360,1
2285319,0
1945077,0
876796,0
2300844,1
385119,1
414452,0
2310153,0
2089036,0
2224767,1
816677,1
2383544,0
435322,0
2300202,1
2082959,0
2092815,0
1069071,0
387209,1
491575,1
428551,1
707294,0
193871,1
374502,0
734825,1
671578,1
759927,1
2378778,0
875028,1
363252,0
2004827,0
409181,0
2228011,1
450363,1
2307534,1
2077060,0
1039609,1
492104,1
519527,0
1684296,0
451759,1
610713,0
1605485,1
2086213,0
2227138,0
1625734,0
2488063,1
851757,0
1040382,0
2082815,1
1277764,1
2371425,1
501621,1
968759,0
609902,0
482229,1
398197,1
389138,0
495530,1
842961,1
555715,0
431218,1
460692,1
1448889,1
1189449,1
2086757,0
141041,1
1119909,0
481346,0
864733,0
481682,0
1955390,1
2299972,0
1130951,1
562822,0
2079559,0
2365151,1
454105,0
402203,1
481312,1
2377197,0
675952,0
372778,1
219315,0
147125,1
650236,1
2086132,0
173638,0
1122591,0
2376371,0
472212,1
496055,0
167698,1
2300705,1
497386,1
1421218,1
1078258,0
470125,1
417865,0
437927,0
425423,0
376894,1
666283,1
634290,0
479104,1
557170,0
2083037,0
2218679,1
483079,1
662157,1
1589446,1
493942,1
603312,1
353851,0
492540,1
508967,0
472645,0
861295,1
1856864,1
2090289,0
2090116,1
522062,1
602193,1
351019,0
460790,0
893118,1
831227,1
2487583,1
487897,0
603205,1
649294,1
421242,1
2082701,0
373988,1
2285384,1
330183,1
714755,0
2414665,1
2444932,0
528810,1
2284877,1
456788,1
2080191,1
504613,1
520295,1
719367,0
2365770,1
1905024,1
453023,0
2475500,1
875556,1
449704,0
767232,0
795341,0
576122,1
593976,1
366642,0
2044963,1
2227482,1
383526,1
2394602,1
717399,1
2445079,1
1068558,1
294684,1
414852,1
621771,0
227538,1
2300557,0
685488,1
879487,1
2217944,0
741288,1
2004676,0
440424,0
489994,1
2371532,1
423859,1
72323,1
2371009,1
2376987,1
502741,0
2215579,0
381261,1
2476371,0
630226,1
364154,0
295034,1
216874,0
389056,0
608230,0
2084884,1
1113354,1
770738,1
2312071,1
361916,0
2185540,1
361399,1
858203,0
450995,1
396644,0
443972,0
2307002,0
584422,1
378533,1
558440,1
997878,1
816529,1
2086386,1
657326,1
352072,0
1734758,0
867295,0
541802,1
642823,1
372486,1
1558219,1
2175503,1
1692262,1
2005009,0
519560,1
2375486,1
2307835,1
2305093,0
383107,1
788120,0
1114657,0
1017196,1
463158,1
874963,1
611872,1
2379283,1
1794726,1
789144,1
475481,0
1118271,1
2434612,1
2296446,1
602229,1
447032,1
724256,1
673667,0
2088320,1
2514697,0
2383067,1
2444611,1
140192,0
587654,0
2379630,0
512846,1
2307603,0
738825,1
469050,0
260324,0
372753,0
682833,0
648922,0
614849,0
727701,1
223308,1
376138,0
504602,1
2297508,0
363859,1
471313,1
371762,0
828391,1
2274788,1
464167,0
147583,1
201860,0
1242058,1
1233063,1
1006411,1
2474857,1
409356,1
410267,1
1015726,1
447294,0
474462,0
629032,1
2080515,1
1692468,1
676706,0
634386,1
792691,1
485301,0
2045288,1
624284,1
700409,0
428529,0
811924,0
1013106,1
2305558,0
2214710,0
2299575,1
1677641,1
393617,0
577683,0
2306390,0
486021,1
471762,1
1198316,1
2083110,1
394458,1
498653,0
2376500,1
1018815,0
869505,1
398605,0
2374646,1
2219397,1
809262,1
360319,0
2092043,0
649068,0
2214937,0
442147,0
480410,0
1816803,0
1559108,1
1067385,1
735898,1
2366943,1
1357467,1
596371,0
2088989,1
630199,1
2144773,1
872020,1
1027758,1
1312786,1
648218,0
678900,1
517374,0
651934,1
62499,0
632307,0
296068,1
2309073,1
460867,0
1856913,1
644920,1
417683,0
1864952,1
2486458,1
2309984,1
505255,0
611147,1
2367956,1
751636,0
505903,1
495802,1
1223799,1
696328,1
606632,1
505639,0
811558,0
2334666,0
502197,1
2079986,0
831566,1
665482,1
2078239,1
447194,0
468101,0
1014091,0
466046,0
788797,1
495615,0
603690,1
456326,1
2383292,0
2084655,1
434336,0
567109,1
450180,0
2092854,0
352912,0
407956,1
355295,1
2076877,1
2088850,1
2305960,0
454385,1
2285785,1
2444612,0
2306532,1
1012136,1
1200311,1
1198171,0
2312104,1
509600,0
971765,1
391013,0
1124176,0
2004916,1
646690,1
2371977,0
2296730,0
2296595,1
735124,1
1298636,1
2369736,0
1265262,1
2217408,1
417536,1
2014807,1
265836,0
370415,1
753696,0
507026,0
351701,1
2085423,0
634323,0
561563,1
388552,1
557199,0
2381105,1
676226,0
967952,0
2485829,1
2088913,1
370339,1
576159,1
503148,1
1080220,1
643596,0
348997,1
2093635,0
677055,0
573822,1
494361,1
2300718,0
461751,1
603756,1
633056,0
361495,1
2215135,1
2366228,1
380058,0
2226930,0
2365291,1
2301516,1
2080599,1
2382846,1
584264,0
372239,0
446346,0
600073,1
502793,0
1092596,1
2228558,0
2081273,0
594730,0
468731,1
2435594,1
892468,1
479245,1
478792,1
446264,1
2371756,0
432057,0
235269,1
759472,0
382547,0
695255,0
838289,1
2383361,1
662416,0
2218617,0
349811,0
376175,1
815170,1
2174889,1
458869,0
299160,1
821334,1
720173,1
2307764,0
492116,0
2079755,1
718608,0
999020,1
646082,1
452599,0
2477251,1
443770,1
441414,1
743596,0
1171250,1
566543,0
382331,1
402045,1
393680,1
2379679,1
472483,1
452127,1
236328,1
476579,0
2227713,1
651409,0
2175537,1
366968,0
568298,1
785699,1
1681859,0
433128,1
524771,0
2366519,0
2296747,1
2083370,1
2217089,1
2301041,0
483469,1
623836,1
74014,1
487191,0
175056,1
1455611,0
1200409,0
2366288,1
371943,1
2312059,1
433761,0
437119,1
361816,0
399423,1
2228670,1
457776,0
263321,1
166546,1
478788,0
740900,0
460298,0
438597,1
442771,1
2274741,1
2276283,1
503021,1
2300262,0
258828,1
623227,1
207148,0
305514,1
367770,1
2371115,1
488309,1
1009833,1
491180,1
2375984,0
238016,1
2378884,1
619870,1
2300155,1
2081154,1
677834,1
1138636,1
2366300,1
2308084,1
462306,0
363852,1
535485,1
2080587,1
2584827,0
2296239,1
2228103,1
2372074,1
2226314,1
351288,0
966970,0
756153,0
393690,0
279430,1
2476391,0
2284869,1
493404,1
965807,1
789774,0
594873,0
169453,0
2184917,1
2365535,0
501230,0
406026,1
435921,1
2080401,0
2225727,0
2309216,0
648130,1
735036,1
488269,1
2371341,1
2300471,0
1337947,1
329853,1
735780,1
2086915,1
514587,1
286066,1
523404,0
1261946,0
511933,1
494538,0
438452,1
530871,1
243280,1
136634,1
761100,1
2214722,1
312547,1
2076349,1
867370,0
978948,1
455716,0
166882,1
642834,1
773732,0
2229199,0
768596,1
437200,1
429311,1
2014634,0
348463,1
447842,0
1826212,0
127353,1
1855284,1
2174884,0
257242,0
589559,1
596772,0
472989,0
566862,1
2435569,1
1105987,0
2382987,0
369231,1
2297388,1
357873,0
350405,1
568448,0
2228025,1
483399,1
2304802,1
648219,0
1213811,1
479050,1
447470,1
2305777,1
401630,1
396548,1
741520,1
711928,1
465134,0
2381074,1
641733,1
860209,1
1166162,1
264003,0
2382391,0
2300701,1
429535,1
371615,1
643152,1
2234806,1
2309178,1
423044,0
725939,1
2084130,1
544040,0
2367558,1
2367367,1
2368985,1
611698,1
535858,1
437519,0
2087965,1
571285,0
472809,0
480401,1
511753,1
2376257,0
670808,0
511546,1
366989,0
764106,1
352346,0
510921,0
343481,1
1264239,1
581792,1
977893,1
1457873,1
445083,1
474595,1
2144995,0
1095601,1
458679,1
831318,1
452378,1
2301359,1
401867,0
352984,0
475749,1
364931,1
531045,1
374129,0
2365927,1
459300,1
392737,0
641397,0
2284629,0
881518,0
1085672,1
976502,0
504043,1
510546,0
433320,0
799847,0
2015213,1
376508,0
499467,0
2078480,0
734296,1
360906,1
1002436,0
2014591,1
2311709,0
2486542,1
860642,1
582650,1
455289,0
1680288,0
615660,0
433659,1
476939,1
2225846,0
2088729,0
447062,1
1618825,1
803805,0
2215314,1
2286681,1
603808,1
383163,0
555237,1
455977,0
1617841,1
498772,1
611461,1
518953,1
2079649,1
2090668,1
546282,1
416575,1
399592,0
2093700,1
2226525,1
2372806,1
1218375,1
445570,1
709541,0
2217327,0
468409,1
520544,1
430735,1
1088081,0
1690459,1
468168,1
461556,1
1695223,0
723229,0
498907,0
402791,0
200805,1
453677,0
503843,0
2295371,0
2228442,0
805889,1
1263396,0
407411,1
248308,0
2376285,1
788163,0
2054570,1
1226255,1
547713,0
741535,1
795498,1
2374641,1
467760,1
2298120,1
512220,1
847728,1
521187,1
449708,1
455121,1
862882,1
616455,1
853033,1
1162883,1
441345,0
446898,0
2301880,1
463814,1
1229936,1
666742,1
447475,0
423436,1
2081323,1
1826525,1
264901,1
2305442,0
2175283,0
1059843,0
2382310,1
415485,1
775533,0
572077,0
707388,1
2079406,0
113450,1
348856,0
352232,1
2300400,0
2089734,1
237452,1
620150,1
362505,0
709846,0
505133,0
454182,0
1816284,1
420220,1
472062,1
686168,1
370801,0
395814,1
349525,0
2088745,0
1061467,1
535303,1
458962,0
499489,1
376420,1
878054,0
2445093,0
779255,0
447932,1
546338,1
378331,0
1665235,1
427918,1
986300,0
383961,1
434740,0
2380218,1
2093616,1
487192,1
391993,0
2077966,1
2382144,0
2379943,1
555821,1
456940,0
2298169,1
242333,1
515981,0
376257,1
380274,1
128914,0
1053041,0
658208,1
378839,1
440491,0
567114,1
2080394,1
673432,1
155780,1
69168,0
414233,0
646406,0
400254,1
565938,1
766765,1
837434,0
618903,1
486785,0
2174621,1
388405,0
355553,1
396505,0
603515,1
682866,1
353677,0
641579,0
2369433,0
859957,1
2299342,1
792105,1
421940,1
2368919,1
472601,0
965742,0
373986,1
2185655,0
862873,0
766671,1
2369282,1
740799,0
652902,1
374462,1
2077968,1
434596,1
640953,1
1115810,0
150964,1
144635,1
636405,1
840632,0
2307577,1
360253,1
391319,1
565833,1
418994,1
117192,0
2476043,1
182041,0
711177,0
564942,1
373257,1
2301895,1
526119,1
2226318,0
818003,1
670030,0
2079266,1
413261,0
379670,1
2310691,1
769643,1
258521,1
376845,0
444193,0
332922,1
257100,0
2175219,0
2300824,0
498931,1
2215541,0
2310572,0
658546,1
575494,1
2310648,1
466075,0
784764,0
364203,1
676308,0
565164,0
660819,0
2295718,0
381158,1
157773,0
502506,1
716734,0
249955,0
2378323,1
583552,0
379717,1
786438,1
2380015,1
605309,1
2301508,1
1844586,1
512676,1
342282,0
2090936,1
390554,1
400775,0
2094085,1
612362,0
725919,1
508137,1
2296874,1
1449062,1
1353606,1
361755,1
2227755,1
435617,1
558162,1
2300991,1
1241245,1
1724910,0
717641,0
711320,1
2311952,1
2295404,1
373994,0
486892,1
1545049,1
877221,1
501827,0
364268,0
2225328,1
545340,1
540180,1
363699,1
2227252,1
597667,1
597161,1
592997,1
491900,0
507374,1
714539,0
427860,1
2298800,1
379603,1
1705302,0
444192,0
2364721,1
2087820,1
732306,0
349578,0
132167,0
474596,1
140516,0
233702,0
799046,0
562187,1
646020,1
648582,1
611857,0
605575,1
438044,0
2074825,0
2081091,0
364919,1
846573,1
477841,1
581008,1
384181,1
1216114,1
2366848,1
629653,1
387100,1
271792,1
408746,1
2215431,1
428433,0
1080813,1
2367804,0
1415007,0
2216326,1
484364,0
1057621,0
496244,1
479779,0
276857,1
791323,1
395677,0
1856604,1
2091022,0
539708,1
1083716,1
602751,1
352047,1
2080551,0
604070,1
529350,1
2370931,0
1664942,1
2184859,0
2309361,0
1096613,1
2079650,1
748144,0
379424,0
2299825,0
771287,1
1857258,0
137042,0
755537,0
370889,0
2299992,1
1817222,0
519880,0
393436,0
2076233,0
443373,0
617417,0
359428,1
436018,0
2365749,0
1372024,1
384617,1
413777,1
1537852,1
2045036,0
2374925,0
367218,1
437128,0
2306742,1
653959,0
778976,0
2300984,0
2381308,0
299790,1
740683,0
2366291,1
2378938,0
379923,0
2304889,1
2308198,1
204428,0
2226025,1
409561,1
652420,1
2300638,0
2088795,0
556374,0
2515008,0
774453,1
381877,1
2091555,1
664779,1
838018,1
429324,1
526353,0
784538,1
448453,0
2485487,1
1815573,0
2225093,0
497033,1
439669,1
2371072,1
452326,1
486412,1
758131,0
2175706,0
1158917,0
430534,1
724732,1
681511,1
498430,1
1014670,1
390124,1
807142,1
2226107,0
369654,1
476720,1
512739,0
434295,1
308498,0
391767,0
347037,0
135924,1
473972,1
2083567,0
2226837,1
472358,1
444315,1
2074880,1
559596,0
881238,0
2309856,1
1552931,1
1514011,1
1301435,0
865653,1
463151,1
2365462,1
451552,1
687239,1
2383441,1
375287,0
2300249,0
649483,1
350205,1
2075248,1
2299701,1
150027,1
2091353,1
1099254,0
2091899,0
443206,0
482902,0
1093636,0
452105,1
521546,0
554925,0
2215014,1
1064783,1
2275989,1
404375,1
355919,1
554813,0
459845,1
2090901,1
444553,0
441418,0
450142,1
388289,0
1636846,1
806786,1
743690,0
612366,0
640478,0
1074083,0
465034,1
2306631,1
614000,1
366004,0
364557,1
628342,1
1453722,1
2309407,1
1183766,1
638407,0
828542,0
1827017,1
497078,1
453686,1
755139,0
389399,1
2378367,1
243600,1
2296358,0
670165,1
524022,1
2364741,1
2184972,0
447820,0
411843,0
1150404,1
411233,1
368104,1
1436910,0
2077754,0
2488095,0
467274,1
1106028,0
2217952,1
1431733,1
373772,1
2084337,1
432200,1
235704,1
454206,0
1174864,1
485051,1
1764573,1
1301197,1
468994,0
597703,1
620749,1
532683,0
473333,0
2308166,1
2366962,0
2377306,1
2184793,0
2298134,0
251008,0
2083373,1
877452,0
264792,1
416794,0
545932,1
1026727,1
2375100,0
2015446,1
778837,1
2371401,1
515506,1
2044820,0
532259,1
2228943,0
2475362,0
598100,0
410208,0
735873,0
2372085,0
2374935,1
428899,0
2311635,1
2514934,0
695182,1
403442,1
2080167,1
2369104,1
402478,1
636364,0
368474,1
795773,0
454927,0
2383172,1
2086222,1
200886,0
2475828,1
1172155,0
458960,0
2229294,1
579111,1
600757,1
693421,1
435556,0
384951,1
352357,1
421822,0
519950,0
490344,0
367777,0
658170,1
314759,0
601652,0
647288,1
2286576,1
578342,0
287352,1
740890,0
193168,1
595074,1
149874,0
389074,0
2275966,1
476557,0
444372,1
1396093,1
426414,0
2078166,1
420667,1
579482,1
2299579,1
2299531,0
774260,0
2370966,1
602482,1
692336,1
582418,1
1685692,1
2215092,1
1021418,1
489161,1
2366950,1
754916,1
889794,1
553852,1
1102713,1
773235,1
596195,1
506144,1
2435525,1
642868,0
1145312,1
798950,1
2091941,0
1200515,1
2286546,1
467851,1
546223,0
498400,1
973679,1
445335,1
119360,0
971239,1
441983,0
606214,0
505715,1
2175442,1
1081870,0
690464,1
703755,1
2077970,1
520994,0
887606,1
2088967,1
785876,1
2296749,0
521830,1
735842,1
536403,0
558771,1
437890,1
1041749,1
609784,1
2375900,0
2144679,0
691994,0
2078392,0
2309846,1
255154,1
2082001,1
480903,0
299092,1
2376482,0
606213,0
811320,0
2091336,0
383956,0
925654,1
268761,1
755186,0
462995,0
2380563,1
446189,1
865503,0
2087047,1
1924570,1
841611,0
2217921,1
1227917,0
493802,0
2298863,1
750645,0
603683,0
539607,1
1090668,1
393653,1
671516,0
476146,1
2082641,0
2276723,0
451779,1
486765,1
368766,1
163960,1
609551,1
488001,0
725780,0
399472,0
392430,1
2083433,0
2275328,0
475527,1
1267117,1
2365277,0
169793,1
1252044,1
637432,1
499339,1
787055,0
2309032,1
764754,1
2299468,0
2311654,1
72197,0
2377571,1
2445124,1
2229166,1
527345,1
486897,0
2370534,1
1597248,1
468097,1
722974,1
441601,1
675855,0
2080422,0
1573400,1
532289,0
2475543,1
353886,1
754052,1
577147,1
441046,0
2306605,1
452088,0
606796,0
1456319,0
1559438,1
2301208,0
135594,1
2306545,0
422481,1
806080,0
2054851,0
519672,1
416239,1
2080905,1
422839,0
2145059,1
656009,0
498676,1
522809,1
1305303,1
2094400,1
435170,1
425763,1
397191,0
491934,1
2079552,1
446211,0
444453,0
485096,0
2364936,1
522089,0
2308349,1
781984,0
542847,0
463412,1
603012,0
976284,0
1867100,0
2145141,1
2368440,1
376902,1
2307157,0
2307048,0
335060,1
2368262,0
1686684,1
634508,1
2078510,0
708536,1
376184,1
528573,1
869606,0
2375363,0
98360,1
2444754,0
1339959,0
2367898,0
242260,0
2378094,0
353199,1
2082646,0
2219149,1
293123,0
435783,1
468920,0
842814,1
422161,1
302173,1
1408563,0
778203,1
2371862,1
1188569,0
2475305,1
772558,1
2294708,1
290441,0
2384795,0
2307560,0
2082336,1
640049,0
614950,1
2225974,1
1560987,0
349221,1
642502,0
660403,0
1038943,0
452948,0
430026,1
420464,1
391173,1
268675,1
354812,1
440300,1
176206,1
317597,1
698404,1
405012,1
141349,0
448303,0
590346,0
2364791,1
2275029,1
815946,1
2381247,0
396124,0
775126,0
987097,0
2299951,1
839631,0
436567,0
555232,1
735772,1
451548,1
477791,1
529066,1
1944838,1
1576858,1
517888,1
511273,0
2308777,0
2225550,1
2174577,0
432863,1
1165551,1
365919,0
68817,1
2376308,1
652507,0
2378997,1
430098,1
312516,1
546714,0
511658,0
286571,1
528036,0
633224,0
346168,1
436010,1
374120,1
2305631,0
439514,1
401044,0
453450,0
408844,1
478561,1
361356,0
2380040,1
208167,1
393800,1
994525,1
487670,0
2301199,1
800864,0
806913,1
2381290,0
809003,1
630826,1
383183,1
2308002,0
493316,0
2300885,1
1040640,1
2311526,0
398812,1
2093624,1
677115,1
448323,0
587770,1
309124,0
559838,1
730577,0
461016,0
505953,0
474927,1
2380009,1
631865,1
475255,0
2089373,0
2286665,0
716046,0
2383539,0
497724,1
1536229,0
455627,0
386605,0
370957,1
70463,1
489841,1
108473,1
2286059,1
1734648,1
2380920,1
540622,0
2077998,0
2215239,0
206360,1
815363,1
715397,0
2124639,0
2229148,1
400761,1
675333,0
770998,1
380974,1
423179,1
2228658,1
744323,1
445282,1
872184,0
433878,1
432491,0
2299488,0
57416,0
519027,1
373255,0
319964,0
2594625,0
460505,1
2309889,1
609918,1
604023,1
2298949,0
1441789,1
2367670,0
475432,1
311241,1
2371475,0
662660,1
483092,1
991987,0
256365,0
490062,0
413718,0
369630,0
214968,1
434850,0
382764,1
2344673,1
2487733,1
722842,0
548537,0
438676,0
364719,0
457288,0
2380934,1
1168067,1
365732,0
2091115,0
391852,0
1034757,1
299068,1
696601,1
393361,1
620516,0
622230,1
2369505,1
561266,0
540564,1
408511,1
2381085,1
404587,0
616919,1
370657,1
562069,1
758300,1
1033601,1
1341158,1
1256117,1
268346,1
677569,1
2301666,0
791995,1
2366135,0
374510,0
2082672,1
2380089,1
816712,0
362421,0
419827,1
2285664,1
2296257,0
439407,1
2225180,1
2229264,0
2310946,1
498960,1
2309488,0
364974,1
640336,0
882246,0
828402,1
375929,1
2184887,1
2085189,0
447026,0
251017,1
456763,0
189379,1
2300829,1
2214974,0
573229,0
1056239,1
528985,0
2305711,1
544584,1
779855,1
2369582,0
2083545,0
2484747,0
351740,1
451847,1
477190,1
369903,0
442992,1
514405,1
2368545,1
1106486,1
426375,0
115602,1
2226911,1
2078828,1
186572,0
1064924,1
1018094,1
355548,1
1024044,1
504443,1
972106,1
1157012,1
2372649,1
576022,1
644141,1
2378969,0
421034,0
440154,0
551957,0
2377331,0
574652,0
879707,1
2434965,0
659280,1
592829,0
2300434,1
2310118,1
2275944,1
987680,1
552116,1
1954913,1
474176,0
641989,1
2084766,1
2300531,0
2575039,0
735514,0
490354,1
496695,1
1012030,0
2081280,0
2298566,1
2085333,0
574599,0
2087595,0
258717,0
418498,1
531383,0
2378674,1
351355,0
381680,1
2368908,1
576277,1
540617,0
369883,0
510973,0
100214,1
526165,1
442984,1
377021,1
617857,1
298351,1
577545,1
2226478,0
2215366,1
2311216,0
1694968,1
967843,1
2296420,1
495747,0
1318288,1
510506,0
968703,0
430405,1
532252,1
833889,1
823069,0
1246190,1
446332,1
451799,1
421442,1
641147,1
390038,1
600522,0
2218649,0
2214726,0
1445329,1
2365304,0
348819,1
626989,1
2365545,0
413720,0
532210,1
480255,1
2087422,0
519308,0
1694273,1
979704,1
543136,1
863609,1
561828,0
464469,1
196428,1
365800,0
459139,1
515798,1
2305421,1
685799,0
603118,1
439787,0
315895,0
439689,0
429779,0
1696273,0
288382,0
2295075,0
452264,0
559328,1
362107,1
424804,1
702092,1
641638,0
424625,0
551849,1
364805,1
1681122,0
1200732,1
2308276,0
417083,1
2216894,1
2075616,1
629724,1
606074,1
1511745,1
398116,0
453393,0
379881,1
2285459,0
2376022,0
478836,1
502598,0
876428,1
2080744,1
2094245,1
468633,1
2295652,1
495303,1
379963,1
1226025,1
441251,0
2185069,0
551438,1
2298645,0
2093516,1
1499289,1
1311595,1
373654,1
2301696,0
2075957,0
456387,1
2305280,1
2375125,1
724810,0
459736,1
1079226,0
430962,1
146205,0
383004,1
2089021,1
517329,1
1020990,0
550718,1
462058,1
741476,1
642827,1
491156,0
423260,1
497983,0
1427277,1
294803,0
531699,1
2092330,1
2371443,1
683885,1
2309933,1
1007892,1
2225609,1
362396,0
1017174,1
480245,1
2081391,1
429906,0
2081655,1
2296614,0
521056,1
2311785,0
361215,1
1019040,1
579763,1
548139,1
312220,0
440293,1
506673,0
130797,0
498579,1
529905,1
1122819,1
2079359,1
685046,1
471212,1
2299397,1
341319,1
2294986,0
461060,1
597140,1
449737,1
2226768,1
671416,0
546341,1
2366075,1
746762,1
651642,0
416355,0
500784,1
591994,1
504547,1
2444614,1
458131,1
2301561,0
1385381,0
2090228,1
495284,1
2376060,1
457372,1
489130,0
2374625,1
275098,1
2297544,1
500519,0
120371,1
130512,1
452145,0
2285508,0
300350,1
2218755,1
387195,1
2309146,0
1100314,0
463214,1
501659,0
257223,1
661495,1
843777,1
500142,1
429601,1
2306544,0
2305680,1
847089,1
2080820,1
1155629,1
520620,0
229729,1
1476842,0
1164447,1
369084,1
500240,1
358967,1
2234848,1
2086807,0
774286,1
710965,0
492035,1
566457,1
273535,1
1579266,1
2080313,1
518031,0
2574824,1
582198,1
388170,0
1062864,1
1052394,1
1125664,0
477073,1
438753,0
1031612,0
2372478,1
574625,1
494543,0
480631,1
254664,1
1865039,0
2434711,0
1104960,1
588328,0
1116758,0
2226640,0
389254,1
2224883,1
133891,0
491726,0
429637,1
2306363,0
450937,1
603988,0
361393,0
359757,1
2380177,1
361653,1
777710,1
1583181,1
695753,1
1159955,0
441617,1
1171434,0
2215087,1
598855,0
723350,1
735311,1
360230,1
2371944,0
614931,0
2296891,1
600097,1
431629,1
600470,1
444862,0
2075516,1
2080986,0
349754,1
481834,1
523926,1
467657,1
710553,1
2175189,1
244989,1
824798,1
666465,1
2300022,1
1105880,1
128131,0
601624,1
2445297,1
481657,1
666590,0
2175275,0
490036,1
350154,1
539462,1
500346,0
455421,0
602984,1
571951,0
1559933,1
1675577,0
2225202,1
517301,0
457562,1
372610,1
448526,0
894072,0
2300569,0
1100223,0
389706,0
2217915,1
467252,1
2234704,0
502142,0
348145,0
1036903,1
238612,1
1082148,1
590853,1
1004502,1
499148,1
441262,0
270344,1
1108949,1
1216389,1
174248,1
2375224,0
123279,0
351685,1
698463,1
369055,1
478172,0
2369396,1
379136,1
493543,1
2077938,1
2227141,1
2004599,1
2284577,0
2307906,0
352011,0
1144693,1
2574651,1
784904,1
513979,1
478984,0
693648,1
2378296,1
2381221,1
635527,1
573368,1
621853,1
826476,1
445203,0
397660,1
368274,1
372947,1
2475441,1
2369512,0
2296742,1
1855214,1
434370,1
383816,0
495999,1
2227902,1
359672,1
434822,1
426858,0
410304,1
427746,0
2367921,1
690138,0
367108,0
571729,0
288342,0
470260,1
514258,0
245846,1
636187,0
470532,1
765813,1
576949,1
439007,0
2312015,1
499143,0
1955057,0
2382729,1
803884,1
667056,1
241391,0
2376382,1
2380894,1
864266,1
538645,0
771517,0
2079778,0
491187,1
2285504,1
877604,1
494994,1
2295207,1
438150,0
380076,0
492851,0
2234811,0
858414,1
207387,1
595785,0
527104,0
654571,1
331141,0
2301351,1
480464,1
596124,1
2219261,1
822747,0
348387,1
216423,1
2375551,0
2088765,1
371015,1
2093124,0
375763,1
429357,1
1117664,1
1035160,1
2080161,0
2083270,0
260277,1
1696472,1
1227821,1
1826383,1
1693817,0
2082545,1
2367350,0
2309783,0
505626,0
2477419,1
407124,1
313941,0
2091557,1
757221,1
2366170,1
1230624,1
448403,0
839042,0
603796,0
2084650,1
2084126,0
805279,1
427109,0
1069469,0
2312150,1
1207389,0
2487443,0
2084139,1
1172526,0
444336,0
385969,1
453791,1
1062293,1
1094114,1
69806,1
2226268,0
625832,0
660801,0
566540,1
482700,0
1062045,0
2286077,1
440606,1
678898,1
2217693,1
515678,1
1106836,0
466415,0
517923,1
358873,1
452710,1
1038602,1
352787,1
967719,0
260886,0
344180,0
588530,0
127606,0
979618,1
456373,1
2376059,1
2381943,1
2369853,1
503873,1
1586420,1
2086799,1
2381559,1
437237,1
431087,0
609823,1
2295234,1
2308545,1
719577,1
2094012,1
2309469,0
2366358,0
581017,0
2299181,1
813223,0
154497,0
2484806,0
364454,0
528787,1
465999,1
402079,0
598672,1
2474702,1
2307527,0
2299166,1
523932,0
454515,1
611537,1
2311701,1
2484791,1
681948,1
1037138,0
609451,1
843914,1
1253805,1
348844,0
438614,1
378466,1
555191,0
534376,0
423684,0
831792,1
1157282,1
1228414,1
2308826,0
1132256,1
2476204,1
1735144,1
2306440,0
642867,1
2477475,1
2365170,1
2092414,0
1343417,1
2297494,0
574768,1
2214712,1
449378,1
682246,1
1138701,1
457401,1
430156,1
475960,1
2377252,1
2005391,0
448825,0
1136616,1
2175667,1
404870,1
250752,1
552933,0
2084054,0
141774,1
483312,0
2080297,1
2284611,1
2308341,1
2226809,1
1695249,1
354908,1
503052,0
518777,0
474232,1
610644,1
1069287,1
2374564,0
725458,1
2086415,1
887402,1
633176,1
1054489,1
1945124,0
446661,1
242621,1
1664870,0
2274901,0
345439,1
494884,1
2091411,0
861719,0
720282,1
695069,1
2375906,0
738668,1
515952,1
581394,0
2372911,1
370224,0
989612,1
451909,0
2381186,1
469256,0
723263,0
2276628,1
1050216,0
361375,1
451617,1
454752,0
451175,1
245620,1
2378416,1
2082100,0
393852,0
521368,0
1119319,1
816456,0
604912,1
820174,1
493333,0
1038832,1
826293,0
237549,1
121673,0
2225486,1
2275027,0
451705,1
646187,1
1036017,1
820791,1
1685198,1
2369986,0
778478,1
968392,1
503298,0
166747,0
566249,0
450187,1
2309858,0
662771,1
170843,1
756327,1
2274815,1
2227787,1
1522394,1
385832,1
2080348,1
433832,0
2090625,1
438882,0
363161,0
2307546,1
2089118,0
414017,0
783836,0
723328,0
2368032,1
283707,1
749439,0
2366915,1
444583,1
2298544,1
414714,0
2092073,0
451762,0
504871,1
2225968,1
473022,0
733063,0
1009584,1
399988,1
386283,1
2005081,1
2276294,0
480667,1
408209,0
882450,0
481451,1
360571,1
249164,1
500898,0
725183,0
430804,1
386071,1
454786,1
649566,0
2310555,0
2370365,1
2276863,1
438765,0
443878,1
448230,1
367745,1
2375094,1
820385,1
2145058,0
665359,1
537524,0
441896,1
462161,0
461089,1
407278,1
564116,1
2309337,1
631129,1
350617,0
439288,1
2486679,1
1395402,0
762330,1
2381980,0
2378841,1
554458,1
502320,0
685712,1
421455,0
562569,1
2377654,1
353365,1
286671,0
2382003,1
2295967,1
659105,0
289144,1
2217528,1
131782,0
2295627,0
226780,0
572670,1
589345,1
604876,1
768168,1
1865524,0
603603,1
201909,1
2080325,1
448344,1
882431,1
381760,1
428469,1
2286454,1
495367,1
450735,0
2370172,0
1105736,0
572506,1
620651,1
1094087,1
1104107,1
504523,1
386587,1
618544,0
2090053,0
444529,0
601162,1
443054,1
586972,1
357683,0
2077142,0
635352,1
455261,1
888241,1
483785,0
538919,1
457637,0
534968,0
2368093,1
459628,0
2091468,1
2217491,0
467572,1
2370240,0
352662,1
385925,0
2227773,1
536702,1
450188,1
1022845,1
2214867,0
2079356,0
2286309,1
2382778,1
745878,1
1577418,1
650525,1
278757,0
422064,1
708368,0
2299082,0
393476,1
1092722,1
2225926,0
459185,0
402067,0
539119,1
2305995,1
351053,1
578835,1
846167,1
555987,1
449323,1
2086173,0
384913,1
2366283,1
402561,1
585895,1
491142,1
620803,0
425612,1
422740,1
366241,0
128529,1
2300529,1
2309659,1
788464,1
751404,0
823151,1
778300,1
360583,0
413964,1
510027,0
209581,1
143627,0
2077523,1
611875,1
361003,1
2475304,1
2366574,1
869932,1
376490,0
2298738,1
432271,1
453543,1
379857,1
424881,0
509447,1
2371030,0
1825651,1
863158,0
1250422,1
522644,0
1034116,1
2370296,0
679427,0
2370774,0
406232,1
1454158,0
2300069,1
466978,0
486971,0
239115,1
599406,1
451129,1
770980,0
466420,0
985107,1
831404,1
286636,1
2304804,1
2299700,1
158130,0
1867250,1
445199,0
374666,1
347918,0
595306,0
2228126,1
2309810,0
1282487,0
706823,1
1110688,1
2285674,0
316453,1
457178,0
742119,1
673377,1
481933,1
2083213,0
2374939,1
402219,1
416002,1
1420592,0
2312135,1
564281,1
156590,1
1545971,1
213732,0
2445197,1
748190,1
2475137,1
812739,1
2365140,1
2307646,1
558974,0
515501,1
413385,0
546088,0
1251041,1
553811,1
261633,1
2091818,1
379642,0
796929,1
414971,0
408958,1
710269,1
2082918,1
2311033,0
460733,1
483352,0
2374912,0
370285,0
2286285,1
389724,0
493633,1
383934,1
618843,1
2366193,1
2305463,1
616464,0
1207713,0
234346,1
364327,1
661258,1
1472431,1
1866758,0
572568,1
2376391,0
444119,1
614024,1
2226672,0
449247,0
138557,1
457163,1
2295941,1
255610,1
2298146,1
2300515,1
2372142,1
2311751,0
424617,1
367599,1
409611,0
1053941,1
631931,0
2078587,0
519930,0
2086096,1
2005002,0
883912,0
2228958,1
153434,0
2306530,1
391570,1
700320,1
2298002,0
410266,0
384760,1
633120,0
2305483,1
433101,0
690178,0
486646,1
839804,1
402547,1
514148,0
579431,0
433549,0
2294954,1
2082083,1
1578207,1
2371934,1
407315,0
2306963,1
312093,0
449345,0
785897,0
2084183,0
867974,1
2228303,0
536794,1
1954994,1
375276,1
2369844,1
2301498,1
608067,1
423668,0
2475448,1
2404697,0
581087,1
422275,0
476925,1
375535,1
732936,1
2214885,0
1321710,1
1864601,1
642852,1
578612,1
540807,1
2296688,1
363071,0
696841,0
791903,0
2090861,0
621149,1
1049385,1
642765,0
616989,1
2306475,1
657378,0
535723,0
2075036,0
610331,1
614377,1
495283,1
2175477,0
2379550,0
2075862,1
987886,1
486916,1
494323,1
666036,1
282074,0
447361,1
1126530,1
539014,1
1447861,1
2214902,1
256458,1
404953,1
413237,0
2305293,1
126788,0
438863,0
1079117,1
1069697,1
886664,1
848303,0
2365952,1
505721,1
1105427,0
435289,1
481266,0
544569,0
1215916,0
2224845,0
2378070,1
821369,0
604303,0
246535,1
2299999,1
2310614,1
1076951,1
767790,1
424783,1
350108,1
1394459,0
1061580,0
2301975,0
215577,1
419326,0
2217006,1
307524,1
709841,1
480589,0
632774,0
624276,0
346765,1
568915,1
420652,1
2486636,0
1233220,0
640526,1
2144609,1
127719,1
392378,0
2300139,0
572405,0
459766,0
331774,0
556498,1
303520,1
494000,0
2384867,1
391892,0
405167,1
999502,1
592599,0
391603,1
752240,0
760164,0
2366395,0
2274902,0
723522,0
512716,0
1261200,1
566094,1
603967,1
1438929,0
2089217,1
856912,1
575333,0
404305,0
489087,0
606136,0
1093259,0
461745,0
2377277,1
490933,1
2217659,1
145833,0
725512,1
822314,1
647057,0
557997,1
2228840,0
729081,1
1063778,0
601560,0
2379741,0
2373038,0
452391,1
1904826,1
592219,1
2214612,1
1109028,1
434616,1
460501,1
564208,0
521123,0
1294513,1
529290,1
633617,0
2275954,1
647304,1
2214672,1
398687,1
2078852,0
1323030,1
2078326,0
463711,1
1827316,1
611774,1
966145,1
568327,0
543732,0
450613,1
580367,0
2382476,0
2299407,1
2298929,0
852793,0
1043299,0
771820,0
2264656,1
2145107,0
536578,0
1037646,1
2298552,0
347936,0
426978,1
2366664,1
503028,0
846083,1
878671,1
732431,1
829893,1
2088775,1
1034923,0
711095,0
1467756,0
2085867,1
2275853,0
2371629,1
385849,0
492674,0
464441,1
1091046,1
480107,1
853242,0
2300357,1
2435450,1
147086,1
2276339,1
1081434,0
852764,1
573293,1
608674,1
686059,1
2086910,1
2015308,1
2214985,1
1594423,1
385691,1
378682,1
2309927,0
571603,1
585836,1
1006119,1
465785,1
490383,1
2310078,0
697232,1
557932,1
2377677,0
770503,1
346656,1
832517,1
426837,0
2094453,1
561645,0
1132884,1
2310418,1
2274687,0
1854634,1
399973,1
257019,0
2377227,1
700807,0
512697,0
619318,1
443834,1
271196,1
1354842,0
455150,0
1944666,1
353420,0
189952,1
194507,0
434301,0
436925,1
1677610,0
376485,0
2305261,0
574251,1
271819,0
2309741,1
2367305,1
2224752,0
2044878,1
697648,1
197959,1
492622,1
300328,0
519197,1
588220,1
829348,1
2227950,0
433989,1
438513,1
426215,0
2370334,1
468274,0
363578,0
504684,1
2297237,1
890144,1
457349,0
2296332,1
509376,1
2089776,0
429634,0
595691,1
225605,1
405492,1
578081,1
2093631,1
458923,1
2309370,1
412824,0
2078910,1
2375009,0
762571,1
647211,0
2296309,1
167846,0
739619,1
392575,1
613208,1
462464,1
1195996,1
560051,1
721387,0
369882,0
471032,0
540781,1
842708,1
518756,0
376478,1
668685,1
500323,0
468072,1
137749,1
2383339,1
309242,0
892021,1
810273,0
2175669,1
2080382,1
779275,1
833376,1
413524,1
2085415,1
1855700,0
354818,1
385425,1
1593314,1
450781,0
143728,1
864979,1
566017,1
795438,1
739203,0
352020,1
1040144,1
447139,1
2372193,0
266874,1
576063,0
2485951,1
69967,1
428646,1
2305600,0
385028,0
443110,1
2219077,1
2218266,1
707957,0
486488,0
2094424,1
396631,1
606598,0
685886,1
2373088,0
445938,1
447472,0
270035,0
658796,0
653735,0
586526,0
2476759,1
400607,0
587734,1
1534238,0
2394599,0
369291,0
2375068,0
414165,0
2404634,0
807513,1
458461,1
1380528,0
411341,0
419024,1
764147,1
2217607,1
2312091,1
1227237,0
2285859,0
2375556,1
515551,1
372401,1
474218,1
623643,1
306588,1
394930,1
1612952,0
485462,0
584495,0
2306309,0
1043347,0
2308733,1
372378,1
263677,0
350328,0
349524,1
737599,1
389504,1
1059024,1
466766,1
2306518,1
2080400,1
646974,1
2306340,1
435142,0
298607,0
765316,0
889781,0
363233,1
2307532,1
1093316,1
2515042,0
399365,0
477801,1
347295,1
406358,1
1692864,0
768835,1
715167,1
675553,1
385004,1
444907,0
1692498,1
994529,0
553786,0
2382940,0
447281,1
2055014,0
2217242,1
593420,0
2296430,1
2082808,0
480775,1
509401,0
552311,1
1261466,1
825952,1
2371547,0
2334603,1
1184533,1
695430,0
1266828,0
2295513,1
1388587,1
2374786,0
519079,1
420739,0
2185031,1
2300748,0
459560,0
2088426,1
2444947,1
477656,1
2274740,1
542007,1
2299312,0
632417,0
306726,0
2377558,0
640483,0
696449,1
462805,0
613055,1
2064603,0
76629,1
404492,1
2297376,1
1052327,1
1015815,1
657053,0
2378504,1
452052,0
433848,1
2369604,0
2486496,1
1065709,0
638840,0
1062818,0
618788,1
621833,0
626936,0
1249684,0
655370,1
580714,1
2215362,1
770949,0
443553,1
642388,0
381812,1
2373100,1
1032953,0
391087,1
2297421,0
2086964,0
837344,1
2296794,0
572546,1
1008267,0
1099238,0
391479,0
2297521,1
1292260,0
2217913,0
349900,0
2296899,1
446026,1
502543,0
2444996,0
570899,1
2378738,1
2045044,1
2077050,0
356678,1
439700,1
1173149,0
2311111,1
559291,1
2088889,1
1013112,1
2309516,0
965882,1
650687,1
435871,1
122913,1
602374,0
2371956,0
1090877,0
443318,1
1111835,1
461287,0
2364756,1
423648,1
421379,0
603918,0
1368837,0
364937,1
462193,1
1294156,0
475731,0
813028,0
2368888,1
2307542,1
2004928,1
2218496,1
474075,0
2301020,0
505076,1
456627,1
406834,0
2485618,1
489770,0
1300661,0
260049,1
2285929,0
494878,1
368107,0
409892,1
381334,1
433757,0
872057,1
2075992,0
484321,0
791264,0
495272,0
2365861,0
210778,0
605741,0
2079622,1
487723,1
2376682,1
504878,0
2311589,0
822685,1
526687,0
560780,1
2224931,0
422522,1
2214910,0
2285150,1
441340,1
588716,1
2380872,1
2309780,1
2091237,1
2086846,0
417986,0
2296070,0
778974,0
90966,0
2185178,1
699803,1
276091,0
521415,1
2224780,0
2381088,0
436027,0
2308454,1
2215373,1
728245,1
409429,0
483320,0
371299,1
438271,0
170929,1
2218866,0
440900,1
391128,1
851565,1
477510,1
643114,1
2218408,0
390018,1
2367756,1
1112295,0
823204,1
425079,1
1368973,0
423658,1
2380006,1
2086664,0
491313,0
173981,0
1020220,1
687479,0
1195190,1
568058,1
389957,1
1162625,1
379903,1
444881,1
429638,1
2367409,1
348005,1
1335260,1
476745,0
79924,0
453081,0
550961,1
985800,1
2144631,1
509923,1
877719,0
525364,1
2276176,1
400248,1
434540,1
472762,0
2375824,1
440908,1
2306145,1
2300507,0
1146326,1
507214,0
403974,0
523768,1
1165873,1
2091415,1
2382508,1
957739,1
446810,0
2298561,0
287421,1
1221666,0
2076807,1
377005,1
2380698,0
502364,1
1865046,0
779478,1
123133,1
2375401,1
1550968,0
545640,0
2093363,0
390078,0
2074643,0
478749,0
288675,0
444013,0
476273,1
480454,0
2078402,1
624413,1
1068475,0
671941,0
528485,1
2309538,1
1125670,1
406211,1
447050,1
480014,1
374566,1
2089543,1
2082699,1
623668,0
373699,1
717990,0
1249169,1
474791,1
2304963,1
249690,1
584517,1
1178366,1
2364927,1
541475,0
2383281,1
521523,1
713030,1
2218575,1
361117,1
557649,0
548105,1
491307,1
2094222,1
659318,1
2215085,1
446673,1
2306196,1
2307346,0
1058372,0
519281,0
587086,0
500414,1
378475,1
416649,0
593853,1
2082459,1
648683,0
800690,0
2371352,1
659782,0
2365669,1
2384634,0
1045519,1
1171477,1
442216,1
369302,0
753854,1
624057,0
2367319,0
1491475,1
1049271,1
504486,1
446014,1
473161,1
430237,0
1683269,0
2484852,1
2367881,0
867876,0
2077440,1
665552,1
2305886,0
389650,1
636386,1
436141,1
385081,0
353832,0
778280,0
501624,1
447490,1
973107,1
600711,0
737329,1
653147,1
481202,1
1007154,0
407756,1
2311243,1
347512,1
2306261,0
2089430,1
420718,1
2381386,1
443000,1
200073,1
379529,0
2094253,0
2306795,1
2376103,0
879644,0
404683,1
477008,0
502094,0
2093084,1
749841,0
2304634,0
499187,0
388319,1
540844,1
2077455,1
857545,1
769037,0
2375360,1
2444607,0
2368663,1
146641,0
2368480,0
499078,0
196521,0
2092910,1
2366080,1
422289,0
380184,1
1444508,0
2371458,1
1145079,1
259968,1
563363,1
367404,0
2054954,1
2082517,1
453589,0
2076019,0
450816,0
2367234,1
729868,0
1764596,1
1725107,1
422956,0
599880,1
650259,1
612978,1
2285368,0
379902,0
2094204,0
2075750,0
593152,0
438894,1
2091575,0
633936,0
430204,1
251598,0
818556,1
650601,1
385769,0
449548,1
462714,1
2295748,1
1175682,0
453583,0
2381340,1
740505,1
2301677,0
525849,1
461673,1
883855,1
153235,1
2310668,1
521036,1
2309372,0
2368400,1
2087152,1
2215116,1
989253,0
2216040,1
1529883,0
571925,1
437129,1
2311479,1
766532,1
616203,0
2082179,1
675527,1
664309,1
2298315,1
753737,1
282275,0
805854,1
1460780,0
2093126,0
1954802,0
2092567,0
529210,1
1826171,0
720202,1
469109,1
271979,1
1435452,0
284168,1
1684792,1
2307144,0
816407,0
2299126,0
1217782,1
2083542,0
2311841,0
641741,1
349682,1
613567,1
511934,0
422033,1
869372,1
740637,0
2215609,0
862364,1
548396,1
2295607,1
2091234,1
292050,1
487131,0
315361,1
586562,0
438430,1
2484594,1
203465,1
348105,1
460296,1
1544497,0
2083360,1
570889,0
2301165,1
2174718,0
1955036,1
436215,1
2380352,0
2145112,0
1024268,1
2371464,1
324831,0
247424,1
1864881,1
432058,0
1339845,1
450292,0
2376395,1
2584966,0
703555,1
1914758,1
476088,1
764750,0
65595,1
309769,1
865863,1
2309777,1
2525046,0
712916,1
730445,1
2089453,1
806798,0
2382523,0
1183930,1
577117,1
444900,0
460486,0
2477973,1
750538,0
1241831,0
833334,0
435743,0
500924,1
509214,1
515154,1
2044580,1
533316,0
2379048,1
405985,1
499650,0
2081616,0
2381855,0
675591,1
583536,0
2227856,0
465172,1
2297611,0
194731,1
972487,1
2311844,1
2227393,0
618760,1
2434964,1
384139,0
417817,1
504576,1
490303,1
2373018,1
451782,0
1558257,1
2369487,1
2474579,1
585885,0
556403,0
667963,1
368428,1
134348,1
512970,0
2367994,1
2381446,1
2487208,0
2300412,0
978992,0
357875,0
333790,1
795281,0
847893,1
505793,1
751434,1
2081797,1
371685,1
1589024,0
504590,1
1856083,1
244781,1
2365641,1
2215787,1
2075734,0
1954723,1
356308,0
2367828,0
270860,0
2475944,0
444575,0
323909,1
433837,1
2298382,1
429209,1
687338,0
1678819,1
408156,1
465182,1
502144,1
484660,1
1441972,0
2307510,1
618714,1
408655,1
973469,1
2276383,1
362514,1
480337,1
781693,1
236245,0
2217718,0
2309981,1
2300860,0
486069,1
444197,1
2084619,0
439535,1
2090775,0
395295,0
2091542,1
1060004,0
2372162,0
691491,1
1693516,1
2307414,1
2226415,0
608193,1
265097,0
401361,0
2296574,0
456982,0
2376629,1
436924,0
1068877,1
433423,1
1033554,1
785702,1
1022403,1
569294,1
355734,1
496835,1
2377649,1
2087204,1
820356,1
353029,0
2371632,1
529228,0
349504,0
2487313,0
762032,1
605804,1
748322,0
144461,1
972738,0
1706150,0
477562,1
1049426,1
2276345,1
434591,1
2372583,1
496566,0
449516,1
1682798,1
505578,0
426673,1
763901,1
2368665,1
834431,1
2215627,1
84098,0
537244,1
432956,1
1161617,0
492896,0
419546,1
566656,0
1201440,1
604575,0
483261,0
2445465,1
459427,1
811065,1
2474967,0
1855113,1
463279,0
540228,1
470433,1
363677,1
480995,1
581238,0
1059461,0
355161,0
379373,0
1136936,0
352163,0
138762,1
372193,1
971732,0
772651,1
1944707,0
294355,1
751967,0
431119,1
553059,0
538677,0
164346,1
441665,0
441485,0
2225492,1
420101,0
542664,1
545583,0
282347,1
778329,0
652998,1
2299156,0
743310,1
2089149,0
358548,0
2219001,1
2296426,1
837069,0
590159,1
408192,1
421555,0
439547,1
611934,0
2372366,1
405651,1
742186,0
236558,1
598187,1
122070,0
2228886,0
1693687,0
452753,1
199889,1
418383,1
508828,1
2310177,1
852134,1
413357,1
653289,1
365326,1
243999,1
356514,0
2300056,1
2087080,1
2306146,1
65640,1
550122,1
1105285,1
793842,1
379071,1
968239,0
1277434,1
618015,1
457678,0
492347,1
2185143,0
1051764,1
498406,1
620738,0
2297568,1
1688829,1
497266,1
494086,0
2305989,1
408290,1
382085,0
563567,1
349795,1
479470,0
670331,0
1009772,0
129434,1
444732,1
370611,1
2368001,0
443272,1
1010894,0
381025,1
279354,1
2380026,0
1955483,0
195715,0
2229496,0
2486354,1
758172,1
511796,1
2371789,1
1235040,1
1855656,1
471601,0
675495,0
362270,1
2088841,0
464507,0
497599,1
1185087,1
1934570,1
475599,0
195618,1
618078,0
373874,1
589089,0
595647,1
355876,1
386639,1
546192,0
444657,1
373958,0
1112667,1
2297459,1
2076634,1
502186,0
547196,1
1616134,1
444692,0
593978,0
362438,1
431106,1
446823,1
379014,1
2082121,1
732719,1
200385,0
549115,0
2297621,1
592186,1
452449,1
432775,1
2077411,0
256021,1
2086243,1
355974,1
446058,1
789955,1
987633,0
1202180,1
502663,1
569568,1
420579,1
449407,1
2487584,1
542350,0
432048,1
318429,1
2276683,1
545796,1
374547,1
364922,1
169240,1
2306669,1
483102,1
122934,0
542534,0
756269,1
390765,1
585734,0
847258,1
2379939,1
2311748,1
746563,1
2082765,1
705790,1
2075810,1
1047020,1
2228380,1
431170,0
2215363,0
821787,1
2087408,1
1050143,0
2228394,1
570657,0
2226067,0
714609,1
436687,1
1120111,1
603590,0
2093053,0
2090491,0
409231,0
681152,0
442337,0
437160,1
568905,1
547544,0
500019,1
1136206,0
502284,1
403534,0
361098,1
402600,0
2228091,1
2369898,0
354001,1
610042,1
468211,1
549117,0
497411,1
1293933,1
707637,0
2364773,1
630583,0
378490,0
668513,1
2300631,0
2274822,0
2216630,0
572593,0
596740,1
351026,1
740235,1
621882,1
477037,1
2297701,1
618014,1
1045339,1
846040,0
604215,1
1012057,1
351338,0
2092271,0
386423,1
512746,1
2377907,1
353115,0
1451525,1
763547,0
533430,1
517818,1
984805,1
2369705,1
2309186,0
481475,1
131569,0
452418,0
605722,0
455393,0
114838,0
411220,1
669298,1
441806,0
352130,1
479572,0
457535,0
381693,1
1389893,1
304780,0
1356986,1
399616,1
496878,1
760833,1
2083126,0
536184,1
522435,1
2365062,1
538862,1
2088339,0
641034,0
653204,1
862264,0
453136,0
366198,0
442052,1
612027,0
677650,1
2087783,0
376019,1
2093034,1
2089127,1
2376180,0
2225591,1
2301947,1
2084725,1
235589,1
445201,1
452597,1
442767,0
579562,0
377119,0
835498,1
317205,0
491373,1
597058,0
383351,0
836872,1
1692924,1
815123,0
427070,1
2371384,0
2296532,0
2367320,1
1458425,0
711858,1
2304688,0
1827143,1
544070,0
586951,1
409404,1
449741,0
420227,1
2369185,1
2087910,1
253037,0
2381993,1
768313,1
2295573,1
508722,0
2014613,1
2366262,0
889647,0
2075828,1
553401,1
576087,1
500130,0
493299,1
349607,1
2306616,1
797049,1
2584773,1
1735110,0
2305984,1
538896,1
2312098,1
544676,0
137757,1
2308799,1
377020,0
2380657,0
359600,1
1693585,0
654700,1
2308884,1
2184962,1
2094378,1
887766,0
745900,1
213551,1
350265,1
699567,0
2454728,1
362152,1
2228031,1
2227535,1
376969,1
798929,1
612910,0
374295,0
466800,1
378851,1
405907,0
621534,1
555950,0
2364605,1
490180,1
1585932,0
2297127,1
2378270,1
460598,1
579893,0
526999,0
2381278,1
789875,0
390569,1
438692,0
465596,0
482644,1
2286120,1
460876,1
488380,1
2083611,1
535623,1
2309143,1
2275032,1
2087358,0
607753,1
1106018,1
175193,1
987080,0
410093,0
2584877,1
979863,1
2306410,0
2301364,0
346215,1
177624,0
714793,0
1163579,1
123299,0
2228501,0
635336,1
2093930,0
994164,1
979864,0
507682,1
528223,0
677324,1
2307967,0
2306011,1
2085944,0
765156,0
759878,1
1128359,1
2087966,1
658224,1
1855723,1
644403,0
458778,1
584906,1
442093,1
783587,0
436279,1
372330,0
2369174,1
2299739,1
456262,0
360929,0
2086322,0
1038362,1
2524590,1
2082085,1
612413,0
682280,0
444991,0
376036,0
1602937,0
284207,1
2225283,1
418566,1
519719,1
392340,1
832765,0
417093,0
383733,1
372668,1
492264,0
379570,1
840015,0
654789,1
400653,1
2285733,1
2445423,1
827071,1
848273,1
2365844,1
502584,1
510735,0
2080021,0
373603,1
2383174,1
1856868,1
448835,1
627479,0
524714,0
472931,1
2365309,1
447851,0
1043300,1
430831,1
1149935,1
2305666,1
1063485,1
529214,0
735043,1
1465152,1
2089345,1
2382752,1
2296082,0
495349,1
438125,1
520285,1
693116,0
563728,0
2225817,0
2087444,0
415658,1
2375458,0
845575,0
665781,1
435798,0
1866161,1
861835,0
517699,1
2014903,0
1449115,0
445819,1
389001,0
997758,1
2275398,1
540757,1
395179,1
2075259,0
2091245,1
418548,0
605278,0
2082092,1
517810,1
2306566,1
306768,1
670092,0
2089794,0
606142,1
475492,0
2368182,0
2077333,1
286347,1
2087518,1
656300,0
564371,1
1137482,0
531734,0
541339,0
282569,1
434127,1
467292,0
355228,0
1528398,1
2090308,1
1006259,1
444908,1
636114,0
2185193,1
2090363,0
433142,1
2225142,0
2309049,1
708328,1
221301,1
2295346,1
1655019,1
551645,0
550427,1
1298023,1
694032,0
762304,1
227383,1
2377485,0
322329,1
447196,0
386120,1
238587,0
604857,1
2074634,1
575506,0
2364692,1
2375962,0
879881,0
584902,1
2377771,1
626362,0
585604,0
820425,1
475971,1
2284908,0
2093955,1
2214992,0
599964,1
2306541,1
2217054,0
2080770,1
2435152,1
2373326,0
439625,1
801249,1
2085222,1
433594,1
561670,1
505861,1
2414727,1
597589,0
449556,1
370346,0
2370694,1
435158,1
554064,1
1270785,0
1955300,1
2384783,0
444810,1
2086906,1
664509,0
1401992,1
1193114,0
2309677,0
2301807,1
339477,0
1827196,0
502006,1
140858,1
635043,0
507097,1
572974,0
487864,1
459313,0
2374606,1
461879,1
321045,0
799345,1
816351,1
453587,1
532300,1
647617,1
242453,1
2305024,1
530253,1
543240,1
665748,0
471556,0
2367294,1
527764,1
2093855,0
751200,1
418558,0
362970,0
703063,1
441028,1
461199,0
439421,1
2274653,1
2434783,1
2369085,1
320278,0
371444,1
495516,0
348208,1
421428,1
440758,0
443923,1
2285067,0
339576,0
451659,0
1125611,0
628404,0
2445235,0
605634,1
2296941,0
2285744,1
2310640,0
389170,0
1256939,0
560020,1
350671,1
1824793,1
543130,1
2485186,1
789527,0
2298601,1
410010,1
2295981,1
366567,1
489469,0
434055,0
2383037,0
282054,0
522112,1
482590,1
1955141,0
1079176,1
2307321,0
646105,0
2306469,1
2379151,1
1689283,1
498590,0
407678,0
609109,1
442801,1
2093786,0
418875,1
570807,1
870019,1
493386,1
2297688,1
450454,1
2091117,1
386131,0
620936,1
192311,1
2274936,0
373502,0
2275380,0
552369,1
1422787,1
759551,1
196027,1
2380722,0
1291990,1
1093471,1
502970,0
509475,0
448005,1
1258204,0
2367317,1
407782,0
438743,1
2215406,0
2083411,1
516871,0
449768,1
632656,0
196380,1
369968,0
1914575,1
1279499,1
2485147,1
541473,1
2376544,1
620391,0
435539,1
2286921,0
2366231,0
1545422,1
2224609,0
452383,0
503044,0
1043174,1
474548,1
452267,1
433888,1
2370969,1
2080739,1
2307456,0
593064,1
2185495,1
459173,1
377962,0
623825,0
2081188,0
2366250,1
2226042,0
363631,0
2174637,1
567699,1
1073975,1
2218010,0
2296903,1
569037,0
1605528,1
532230,1
419076,1
381015,1
2225381,0
346539,0
2306421,0
2299292,0
421316,1
2382079,1
598794,0
296489,1
364853,0
2297791,1
348670,0
465546,1
2276560,0
475524,1
2087868,1
454057,0
367643,0
413088,0
2384891,1
432184,0
2078129,1
1020342,0
1498104,0
252148,0
416369,0
2370900,0
333351,1
696227,0
463701,1
460863,1
991773,1
389965,1
352541,1
387942,1
723745,0
784597,1
2377444,1
798551,1
626775,0
463039,0
2092713,1
1236111,1
564185,0
638466,1
446882,1
617588,1
2082054,0
509124,0
604161,1
2380700,1
2088549,0
364148,1
867191,0
2284755,1
2378653,1
656144,1
722608,1
564118,0
414995,0
539596,0
2092107,1
131732,0
835894,1
973082,1
1427422,1
2374758,1
2276704,1
423109,1
1020629,1
1185844,1
368542,1
689215,1
2375689,1
2079416,0
339287,1
2379627,0
886954,0
456941,0
715658,1
296353,1
754546,0
496787,1
805912,1
2311934,1
335462,1
2088836,1
2295334,1
1120012,1
2484615,1
2378336,1
626373,0
2216412,0
988461,1
510492,1
535696,1
238149,1
2082880,1
303219,1
459562,1
1322460,0
623756,1
385577,1
288720,1
822548,0
422681,1
2295117,1
2299731,1
2275246,0
707726,1
450428,1
2086642,0
2005358,0
624006,0
2368407,1
359544,1
2089028,0
513343,1
168853,0
2370854,1
660862,1
2228849,0
439566,1
2301279,0
240835,0
974781,0
736144,1
445524,0
723683,0
858949,1
2045089,1
173191,0
383960,0
434530,0
2299029,1
449803,1
136491,0
537294,1
382259,1
1683147,0
659210,1
432011,1
359786,1
483174,1
445323,0
1855012,1
423525,0
605282,0
720096,1
469988,0
2295257,0
501834,1
562923,0
427814,1
727377,0
2380246,0
131387,1
395348,0
349415,0
2310789,0
497672,0
1954717,1
724550,1
2382694,1
392622,1
2485841,0
496177,0
2298259,1
316313,1
2089873,1
403199,1
2380212,1
430633,0
488025,0
2368059,1
306729,0
2301385,0
500343,1
261657,1
713324,1
2311319,1
2365893,1
989219,1
128881,0
517133,1
635062,1
496808,0
491507,1
518466,1
710426,1
1905032,0
972687,1
1218003,1
2228002,1
2375232,1
439472,1
445988,1
1680106,1
496653,1
425898,1
535333,1
800997,0
754480,1
90395,1
472213,1
492872,1
871883,1
239308,1
453965,0
1004741,0
830053,0
376101,1
2144778,1
385685,1
359168,0
982314,0
589500,1
2295755,1
495864,0
867657,1
453442,0
613849,0
470962,0
2301892,0
2304949,1
425539,1
677087,1
454727,1
567276,1
645462,0
2088749,0
759589,0
2088683,1
488060,1
588914,1
1172453,1
2085309,1
2185020,1
538360,1
315196,1
1583977,0
2083778,0
2218841,1
2174722,0
591799,0
364532,1
2284972,1
254223,1
466137,0
517972,1
451708,0
365674,1
2091399,1
742498,0
2229480,1
829429,1
449646,1
2295533,0
459906,1
357274,0
2295338,1
420314,1
2079107,0
403400,1
837222,0
1112275,0
2383085,0
525008,0
593259,0
860324,1
542631,1
978527,1
2372705,0
627637,1
724288,0
451319,1
2094422,1
783174,1
2218305,1
367337,1
614290,0
1086490,1
2217526,0
351795,0
570300,1
589540,0
2094109,1
1217107,0
505253,0
371841,1
2295854,1
874395,0
411487,0
2381452,1
392210,0
1065110,1
782787,0
1205660,0
396915,0
1684468,1
2217509,1
538375,0
481689,1
820392,1
494679,0
553809,1
2078472,0
538689,1
457374,1
1362521,0
379840,0
2079064,1
493803,1
440821,0
2300737,1
172644,1
521396,1
179897,1
354444,0
1056786,0
614859,1
1145897,1
601871,1
229889,1
2370812,0
1016427,1
2367545,0
430968,1
660394,1
465367,0
451064,1
656137,0
2084784,1
428987,1
581093,1
360801,1
358343,0
422987,1
2373480,1
2311430,0
449386,0
2084793,1
592367,1
2435737,0
855151,0
2477934,0
527236,0
2381672,0
386940,0
424471,0
811215,0
876510,1
791736,0
1689574,0
2381818,1
2309490,1
600084,1
386950,0
601332,1
605028,1
2380579,0
601438,1
351477,1
490988,1
443503,0
1007826,1
792166,1
661225,1
382649,0
541164,1
848817,1
2275949,0
2435103,1
69251,0
2365064,1
2524583,0
436152,1
2382075,0
501095,1
362516,1
723210,1
652559,1
2380815,1
286167,1
599993,1
2299175,0
531231,1
607320,0
990395,0
2215693,1
1022452,0
611990,0
2366380,1
461064,1
326306,0
463078,0
708815,1
450289,1
1220879,1
474138,1
478569,0
709241,0
379627,1
270568,1
508931,0
508731,0
2486127,0
481901,0
351490,1
545972,0
510364,0
435305,1
391203,0
524778,1
379811,0
1815672,0
1074054,0
823854,0
483386,0
508196,1
653174,0
387383,1
548705,1
436438,0
1156554,0
112323,1
1150047,1
2083880,0
1164776,1
634312,0
594501,1
1173787,0
561667,1
2525057,1
1146167,1
1681635,1
366169,0
2276898,1
2077009,0
669521,1
505981,0
441858,0
1675989,0
547182,0
310112,0
1042487,1
2377314,0
576226,1
1036551,1
2308745,1
2379819,1
442115,0
2305629,0
365208,0
683805,1
2444944,1
727973,1
2486043,0
91126,1
452900,1
832281,1
1154349,1
740681,1
510102,1
99009,1
468324,1
1230852,1
624696,0
2090146,0
2276387,1
1010121,0
573534,1
495350,1
1581769,1
2300935,1
2214983,1
595284,0
427662,1
699714,1
580047,0
445877,1
347228,1
2305108,1
2299855,1
2218422,1
253085,1
865425,0
721594,0
2368549,0
611963,1
438283,1
1000045,1
802789,0
363646,1
838790,1
539850,0
871613,0
547956,0
130654,0
358644,1
577805,1
1202935,0
702432,1
2310971,0
2275386,1
402131,1
2376832,0
730571,0
746954,1
750425,1
1342056,0
395717,1
546014,1
521565,1
433152,1
1223520,0
2368420,1
2307658,0
579958,1
2445056,0
2379662,1
801400,0
449250,0
132449,1
435495,0
2377517,0
886331,0
2474571,0
585256,1
349458,1
808799,1
471262,1
1260715,0
706023,0
792285,0
1814740,0
2088263,1
2370431,0
2445771,1
489173,1
2084008,1
831099,0
831407,0
751300,1
2474888,1
615438,0
359449,1
2308265,0
135201,1
427685,1
2377853,1
2301398,1
1905044,1
2077239,0
523847,1
2364984,1
988646,1
878599,0
2214763,0
449978,0
592279,0
535408,1
461230,0
2378609,1
2309956,1
823379,0
874826,1
2376011,1
804959,0
352378,1
430543,1
2370209,0
451008,1
602583,0
433581,1
2295378,1
482832,1
404419,0
1420656,1
724455,1
578029,1
326337,1
483206,1
2088460,1
386556,1
596346,1
1067182,0
435005,1
333929,1
265527,0
659790,1
1945198,0
401175,1
510175,0
588707,1
381528,1
515231,0
397769,0
2374705,0
400562,1
2378401,0
1825207,0
2308104,1
483804,1
381198,0
2184791,0
2383315,0
1147323,1
2144932,0
505867,0
2079524,0
139940,0
451556,0
2225175,0
561179,0
535051,0
849283,1
484573,0
321024,1
767944,0
633876,1
453866,1
2375863,1
1143705,1
88854,1
480925,1
2225223,1
2374868,1
395097,0
2216808,1
378198,1
373560,0
422937,0
427810,1
2310044,1
2298001,0
357883,1
2309364,1
2215907,0
505854,1
1007619,1
467316,0
524899,1
445846,0
417418,1
620284,1
280450,1
705431,0
2369346,0
1904991,1
2308350,1
1635040,1
586130,0
299597,0
399604,0
2217312,1
1126516,1
701080,1
1023704,0
1825416,0
536213,1
1049310,1
415990,0
2307637,0
717383,1
561896,0
1334745,1
218282,0
2093495,0
431832,0
2229410,0
452580,0
1689326,0
1119744,0
347872,1
497190,0
2383303,0
976345,0
1221155,1
467686,0
889016,1
2089675,1
2055140,0
614325,0
2306584,1
2185248,0
2075265,1
2300047,0
2474580,0
1439600,0
422730,1
141766,0
426526,0
742912,1
2475452,1
586792,1
458871,0
583146,1
2378599,0
839811,0
2083832,1
2218938,1
348722,0
572259,1
476988,0
2227159,1
724619,1
1816002,1
619342,1
461901,1
2085691,1
666719,0
2224621,0
570617,1
483328,0
996977,1
486402,1
457893,0
1300640,1
2299120,1
520827,0
541566,1
2225538,1
411880,0
2295744,1
610211,0
2445595,0
447920,0
2414630,0
515710,0
2295646,1
211723,1
981504,0
586350,0
2298361,1
420411,0
2227695,1
800789,1
1102021,1
581333,1
2382818,1
491936,0
2228148,1
388471,1
662142,0
2285879,0
450832,0
2474987,1
283361,0
348960,1
2477055,1
584872,1
416154,1
353366,0
347946,0
2077285,0
2214950,1
2366009,1
511366,0
2093760,0
1637049,1
430924,1
439264,1
516163,1
2005118,1
2365559,1
381482,0
2294817,0
2226355,1
473942,0
248539,1
470190,0
460218,1
570330,1
608423,0
492042,1
2092402,0
1705988,1
1206917,0
822885,1
2081486,0
529461,1
805933,1
468791,0
465968,1
578836,1
524194,0
2091736,1
567227,1
624441,1
445762,0
2367010,0
516787,1
416675,1
1442154,0
451509,1
867756,0
2175028,1
2295905,1
414320,0
1229565,0
776594,0
2484833,0
1016763,0
248130,1
2365760,1
379234,1
571552,1
1680390,0
1141825,1
384946,0
187533,0
1704694,1
2084359,0
379744,1
483508,0
2214901,0
2380120,1
735841,1
503367,1
428805,0
1585982,0
2226574,0
470185,1
607637,0
416701,0
390492,1
742765,1
2382082,0
637696,1
624371,1
304326,1
977727,0
92440,0
419504,0
2308524,1
600007,1
2444680,1
455027,1
369438,1
872953,1
383557,0
353024,1
2310889,1
151163,0
880065,1
2378737,1
709526,1
780910,0
561859,1
87023,1
634281,1
382965,1
482876,1
2300891,0
403526,1
705696,1
2297782,1
971859,0
264154,1
387634,0
635802,1
556207,0
704449,0
2312163,0
372718,1
628315,1
2083219,1
840699,0
353423,0
2094284,1
509877,1
759507,1
1199433,1
704064,1
500388,1
737369,0
582014,0
489228,1
531377,0
243576,0
2084741,1
649984,0
2079288,0
2297342,0
281836,1
455281,0
2226338,1
395115,0
389846,0
348549,0
781712,0
351628,0
2295372,1
426065,0
805905,0
391509,0
307265,0
776493,0
227523,0
416587,0
1690391,0
525372,1
623935,0
1086655,0
379586,1
2015108,1
494891,1
492471,1
360750,1
2219365,0
506684,1
2216456,1
449554,1
2372606,1
1804643,1
631948,0
479493,0
619786,1
2376600,1
804002,1
563097,0
2372711,0
994506,0
2370563,0
2175323,1
586223,0
495578,1
313401,0
1056803,1
2311809,1
1217603,1
2370405,0
687570,1
626581,0
399398,1
523585,1
2374791,0
502763,0
184296,1
461547,0
369965,1
262961,1
435953,1
351544,0
734908,1
2375049,1
462505,1
604926,1
406251,0
1016769,1
2365281,1
672680,1
278911,0
815086,0
560965,1
421933,1
2300862,0
398070,0
456671,1
630748,0
1476003,0
1001920,0
490252,1
506609,0
306673,0
1480275,1
2302036,1
601206,1
429313,1
2301708,1
1287949,1
2475204,0
366913,0
1045978,0
614130,1
517918,1
1280445,1
820648,0
824355,1
2227332,1
2375983,0
613133,1
982035,0
2367761,0
441290,0
984791,0
2184934,1
687999,0
298963,1
212561,0
736270,1
2217730,1
293091,0
737876,0
446098,0
738205,1
2076824,0
1825239,0
1866199,0
791885,1
457700,1
359430,1
376147,1
381581,0
2276384,1
584456,1
579002,1
2076636,1
1379782,1
642770,0
1626889,0
367996,1
2377225,1
566942,1
2298528,0
2309343,1
710914,1
2298314,0
592086,1
2487050,1
553136,1
590666,0
2005092,1
1036925,1
2311178,0
277583,1
506584,1
647251,1
1414715,1
2306817,1
524860,0
388278,1
831907,1
296617,1
2093569,1
479444,1
140900,1
383013,0
787262,0
601049,1
371358,1
118367,1
2300138,0
2368487,1
643165,1
594305,1
373090,1
557688,0
352990,0
2079709,1
1261731,1
2286765,1
2228397,1
1186311,1
576413,1
1082669,1
418421,0
843721,0
785583,0
2174599,0
2090093,0
351271,1
1725171,0
542945,1
219425,1
439205,1
2227000,0
1167957,1
416736,1
482938,1
2434646,0
2298936,1
723934,1
1398838,0
561554,1
1261679,0
2214696,1
2305048,1
586259,1
373630,0
2574599,0
647796,0
1073972,1
1734615,1
1945286,1
2305595,0
471517,0
677932,1
601878,1
460147,0
516348,0
830119,1
2216083,1
1694715,1
575310,0
1265247,1
620319,0
498276,0
497019,0
2372075,1
629047,1
434125,0
590329,1
2090597,0
457857,1
2366926,0
388121,1
456556,1
243375,0
1005792,0
871396,0
455011,0
620850,1
217987,1
469411,1
503822,1
124624,0
320318,1
2076621,0
461133,0
1575418,1
519873,1
420890,0
350244,1
495109,1
1814562,0
289994,1
395876,0
357180,0
373982,1
462020,0
636359,1
2301995,0
869722,1
357878,0
369406,1
490281,0
675652,0
2296164,1
2275984,0
1313740,0
537245,1
415351,1
1415288,1
457298,1
458336,1
420536,0
1128143,1
2225002,1
2309943,1
2378603,0
594013,0
2092726,1
472760,1
448925,0
554300,1
2226688,0
1675561,0
368493,1
471113,1
1012847,0
493546,1
595377,1
349259,1
440483,1
617480,1
2381123,1
2075006,0
2475799,1
349322,1
500286,1
350262,1
532791,1
373461,1
267976,0
2217729,1
512170,1
2081336,1
1955223,1
412345,1
429806,1
1825606,1
719558,1
2218749,0
468909,1
2014704,1
2296366,1
510161,0
2306706,1
889946,0
642831,0
1332301,1
816354,1
880744,1
2376858,1
541620,0
363853,1
893194,0
2218919,0
353246,0
2185084,0
842372,1
893294,0
469807,0
738778,1
250536,0
843193,1
577350,1
432311,1
774182,0
117863,0
583411,0
381265,0
568912,0
2215968,1
2078882,0
572804,0
615140,0
1734795,0
354159,1
578320,1
621874,0
573480,1
748051,0
441472,0
95250,0
1048362,1
724975,1
145926,1
2477122,0
428839,1
2083535,1
295240,1
1064698,0
495265,1
2224949,1
2054888,0
701590,1
710821,1
1676163,1
506631,1
623971,0
373540,1
440338,1
616473,1
2086619,1
187464,1
2380464,1
531745,0
2370994,1
822778,1
2082852,0
2308739,1
2085684,1
1130305,1
135140,0
669200,1
642862,1
760366,0
680934,1
454238,1
783020,1
692697,1
519605,1
976725,1
2367387,1
684880,1
387987,1
453809,1
657219,1
2094487,1
480961,1
453138,0
416197,1
2364911,0
2092004,1
374004,0
2310859,1
437923,1
2297464,1
2367687,1
2090442,1
169271,1
359716,0
2082197,1
544170,1
479452,1
2298596,0
449273,0
541696,0
411973,0
1219996,1
2234851,1
2371359,1
2298828,1
2089681,1
533628,1
170990,1
1303069,1
2305156,0
298649,1
892225,1
533268,0
385688,0
350550,0
2229304,1
352661,1
499603,1
383926,1
2055179,1
530302,1
2371713,0
2078728,0
2380951,1
1571414,0
500837,1
556885,0
126982,1
465293,1
2376801,0
289651,1
2370140,1
2372416,1
883991,1
378979,0
267736,1
633217,0
655604,1
653066,0
716607,1
572896,1
287550,0
2370844,0
406261,1
776949,1
272368,0
730501,0
2078210,1
626701,1
778424,1
2382151,1
2296575,0
2379010,1
2089885,0
1019290,0
272519,1
979646,0
546615,1
2174927,0
319299,1
812777,1
466849,0
362601,0
498716,0
1194393,0
440704,1
440108,1
460894,0
572143,1
493612,0
1413822,1
735322,0
471580,1
2305231,1
543406,1
2310379,1
477917,1
707476,1
526350,1
429807,1
2077054,1
2228435,0
804703,1
740349,1
489679,0
458490,1
361374,0
592807,1
265521,1
797157,1
2185496,0
526993,1
1152442,1
2311138,0
2082170,1
452100,1
262215,1
280405,0
538267,0
83185,0
558863,0
367464,0
2284785,1
1158021,1
674613,1
702315,0
2308682,1
366146,1
2295903,0
815397,0
385099,1
2373168,1
1866979,1
453358,0
724211,1
578171,1
2424706,0
2296525,1
280193,1
1056866,0
2185211,1
987992,1
2299363,1
444435,1
650098,0
1012913,1
2275624,0
495692,0
612821,0
129745,0
540556,0
2087226,1
445247,1
2309190,0
838191,1
699331,1
2090864,0
445664,1
2375569,1
602372,1
244882,1
378230,1
2227729,0
423498,0
2228675,1
481073,0
496620,1
547294,0
462772,1
199486,0
2369137,0
1462809,1
706991,1
819322,1
2297011,1
469681,0
1864668,0
580610,0
2366267,0
1010166,1
1061519,0
2375307,0
2368145,1
2306800,1
1705189,0
518767,1
240449,1
387465,1
2308825,1
456565,0
797424,0
1317730,1
379376,0
796187,0
355745,0
278315,1
1344834,1
450914,1
492833,1
422880,0
516485,1
593066,0
525982,1
996595,1
891255,1
2310127,0
1368674,0
482901,0
499044,1
1068416,1
2382283,1
1130030,1
440240,1
1816513,1
2055159,1
359906,1
455358,0
469851,0
409473,1
1208792,0
432604,1
546242,1
1904891,0
517245,1
2299639,1
551924,1
197225,1
597824,1
316868,1
642821,1
384276,0
674490,1
604362,0
489141,1
280867,1
2225468,1
2308479,0
502525,1
357866,0
510836,0
521867,0
2215885,0
143398,1
749907,1
2307044,0
839805,1
431602,0
1676849,1
2294643,0
372953,0
2311829,1
529238,1
377112,1
2083223,1
463764,1
2384756,0
464477,1
2369777,0
669586,0
375174,1
2309880,0
2304817,0
408833,0
2091664,1
435962,0
675918,0
2083960,0
281381,1
459190,1
2377151,0
521681,1
1011073,0
539752,0
603262,1
407929,1
864177,0
989523,0
393419,1
1540600,0
969234,1
2383328,0
467713,1
2215913,0
441909,0
563689,1
2300687,0
383918,0
1457177,1
997879,0
968878,1
504778,0
462175,1
582125,1
643694,1
2219295,1
314635,1
724118,1
584718,0
418216,0
2286122,1
2435026,0
689552,1
2377413,0
2310708,0
321420,1
2185131,1
378205,1
1076996,0
2310449,0
2227400,1
2305070,1
446461,1
2296550,0
552762,1
595744,1
364261,0
2370565,0
428321,1
2300345,1
485098,1
517520,1
535217,1
491552,0
1058477,1
2175379,0
314080,1
1351233,0
358826,1
351386,1
526995,1
431299,1
754853,1
1133069,1
686069,1
2371665,0
2217699,0
445914,1
602851,0
854486,0
411206,1
2216323,1
2295716,0
206996,1
2144578,1
2368154,0
2079862,1
2306744,0
2300915,0
479769,1
471662,1
742398,0
2375952,1
736123,1
2365902,1
457252,0
457922,0
552009,0
2215752,1
152663,0
568668,0
2076004,0
434737,1
506845,1
1677091,1
2076684,1
2085192,1
441016,1
2305694,0
2004789,0
645644,1
2296558,1
641509,0
2377749,1
1150247,1
799733,1
1138198,0
501720,1
444085,1
785900,0
473338,1
429669,1
2301597,1
2285400,1
441615,1
432417,1
673461,1
474256,1
738606,1
372874,1
2300469,1
2371314,1
618705,1
557692,0
835049,0
414951,0
1676612,0
1309167,1
746742,0
357202,0
2174587,1
245506,0
487097,0
526111,1
473686,0
426666,1
475376,0
2296554,1
195794,1
2367306,1
1157273,1
734947,0
452605,1
468024,1
523133,1
362934,0
513842,1
2311065,1
870710,1
1022570,1
476408,0
1002413,1
66964,1
1065312,1
1248845,0
1097617,1
620531,0
506635,0
457201,0
427135,0
713509,1
403890,1
549189,1
540893,1
639405,0
2306850,0
355467,1
442271,1
2379204,1
2309041,0
479029,1
399674,0
710751,0
454771,1
534792,1
2299425,0
2093509,1
1078236,0
403934,1
546884,1
784305,1
2224578,0
2365552,0
395125,1
412144,1
463203,1
2306663,0
530900,0
834473,1
2085498,1
2087405,1
351127,0
2308313,1
1157398,1
2300455,1
540768,1
670462,1
1392202,1
495075,1
1609534,1
447788,0
535555,1
504030,1
716790,1
362236,1
315547,1
478948,1
384060,0
2184680,0
2368661,1
1827280,0
438986,1
385661,1
795536,1
1083996,1
846459,1
604611,1
1625914,1
132102,0
441198,0
582695,1
2077894,1
461400,1
1312308,0
2381270,0
2226811,0
2082246,0
615055,1
1359418,0
466004,1
707554,1
1206546,0
632614,0
2484725,0
651131,0
110627,1
1684186,1
398306,1
571035,1
388115,1
518129,1
2379193,1
2300012,0
2214906,0
302378,0
2080069,0
617398,1
2080651,1
519868,1
374102,0
831814,1
342907,1
2367594,0
631868,1
401371,1
502532,1
579149,0
758263,0
1617873,0
469264,1
1209826,0
649179,1
395540,1
2284766,1
2301040,0
2274641,0
381051,0
371441,1
815910,1
1664997,0
517481,0
1689458,0
2371185,1
466817,1
703017,0
2305830,0
326469,1
1539765,0
461723,0
1098920,1
2297089,1
584789,0
465234,0
248108,1
621202,1
468575,0
996815,0
764376,0
501091,1
287417,1
2090317,1
672042,0
159468,1
2091783,1
833019,1
845785,0
977327,1
2307315,0
352549,1
2225058,1
807743,1
516889,1
263697,0
501286,0
2368448,0
435618,1
477152,1
447810,1
2078137,0
1677652,1
587263,1
640612,0
2085992,0
2081728,1
448439,1
543168,0
507891,1
439010,1
2080850,0
1010629,1
2296048,0
721515,1
347722,1
636804,1
606324,1
530648,0
755250,1
1041284,1
2087102,0
2228433,0
862975,0
554133,0
2381054,1
605948,1
306441,1
1146886,1
460977,1
361214,1
517038,1
685951,1
2311972,1
734592,0
2218405,0
1693794,1
432229,1
370457,1
2435684,0
1434372,0
702097,1
489407,0
473528,1
417531,1
2227294,0
585572,1
1225274,0
366171,1
2304723,0
656074,1
481972,1
722727,1
442775,1
719610,1
997561,1
369785,1
430560,0
484581,1
215865,1
2301461,0
395493,1
448280,1
407724,1
2083598,0
2445569,1
513563,1
1944686,1
483317,0
2229252,1
590309,1
558882,1
824986,0
448786,0
2376154,1
362762,1
1944591,0
2474768,0
1365213,1
2275807,1
860971,0
1279809,0
2299241,0
369039,1
1357400,1
1139593,0
2435617,1
2380529,0
2285211,0
1014934,0
530175,1
655893,0
459712,1
2308495,0
776221,1
872394,0
380631,1
2309953,0
362114,0
2078033,0
2297132,1
2474807,1
1007473,1
311213,1
769763,0
714209,1
2226514,1
2367967,1
2366564,1
724826,1
2375755,1
2286039,0
863570,1
1401232,1
451597,0
1524017,0
430262,1
474351,1
1142913,0
132537,1
2185474,1
402222,1
880210,1
768995,0
529157,1
2080082,1
1856314,1
696182,1
533418,1
561083,0
571268,1
849806,0
2124621,0
558502,1
373006,1
1215786,1
357979,0
1955684,0
2305986,0
241850,1
2367557,0
554726,1
574343,1
2074742,0
430357,0
1156630,0
2275593,1
493897,1
2379264,1
2309167,1
2216441,1
424945,0
766148,1
502436,1
974003,0
880253,1
714567,0
612065,1
602720,1
2310033,1
287326,1
705647,1
673602,0
2078593,0
2226135,1
520100,1
499280,0
756326,1
1303833,0
2309150,1
214253,1
2090274,1
459737,1
605556,0
2215259,1
409248,0
679069,0
482291,1
451990,1
2299079,1
448206,1
451271,1
411440,1
2370292,0
452808,1
2227409,1
657718,0
800987,0
1357632,0
711345,1
2307213,1
595367,1
352928,0
361794,0
2078963,0
1492194,0
133685,1
2294882,1
2085664,0
698574,0
2299721,1
534283,1
210884,1
879514,0
782241,0
2218610,1
1414581,1
1175596,1
794224,0
2082256,1
413809,0
590933,1
352645,1
565275,0
1865412,0
393862,1
348908,1
2305895,0
404152,1
442191,1
727157,0
130986,1
998475,1
382129,1
2377680,1
538222,0
2297562,1
466150,0
633282,1
339569,0
638927,1
379159,1
258870,1
1118065,0
501619,0
534440,1
473192,1
1008845,0
421971,0
1155724,1
499498,1
711678,1
1133994,1
634280,0
654093,1
1365216,1
2083814,1
2305552,1
2092681,1
1364193,1
2370133,1
451329,0
838847,0
540492,1
2275182,1
2298841,1
2084104,1
254378,0
437422,0
608609,1
672169,1
466525,0
532456,0
2075094,1
495754,1
643312,1
320698,1
424334,1
2464576,1
607944,0
527029,1
2378348,1
427719,0
465244,0
350603,0
270165,0
2076947,0
2080417,1
435196,0
474259,0
832424,0
489719,0
199575,0
2485016,1
822908,1
509157,1
877786,0
2080057,0
377094,0
495105,0
388849,1
432558,1
619053,1
2300373,0
521177,1
540179,1
465003,1
444904,1
2382681,1
737546,1
793482,0
477515,0
476142,1
679159,1
609821,1
739124,1
2584648,0
589815,1
519790,1
2227376,0
542781,0
2088506,1
216940,1
482049,0
600228,1
350732,0
1130294,0
888097,0
2311405,1
2218706,1
1047067,1
1166423,1
243957,0
2370708,1
2366963,1
451775,1
2218356,1
438759,1
2308709,0
571473,0
223015,0
977465,1
590129,0
500195,0
649006,1
2154573,0
408673,1
346787,0
462705,0
2305406,1
2227814,0
458713,1
529659,0
743013,1
126287,1
588228,1
818350,1
1955359,1
1945234,1
500812,0
512715,0
1034771,1
2090813,0
440506,0
861652,0
751652,1
2078339,1
551223,0
2574863,1
1578890,0
478542,1
554008,1
2295388,0
2364807,1
179523,1
2217000,1
2086913,1
373593,0
2300588,0
2299402,1
554237,1
879655,0
325232,0
626172,1
2075883,0
502114,1
1004336,1
792347,0
1197669,1
420406,1
519215,0
2365310,1
634553,1
627671,1
2284990,1
2308736,0
444401,0
758597,0
553185,1
1438814,1
2284914,0
1393690,0
2299212,0
1452558,0
496796,1
2367425,0
1092874,0
487133,0
2381631,1
2304742,1
2091796,1
387344,1
209349,1
400634,0
418000,1
2224781,1
378253,1
644927,1
441568,0
278488,1
2219228,1
2370732,1
669575,1
884066,1
2374823,0
241219,1
489477,0
587069,0
444665,1
612679,1
1205934,0
681830,0
387556,1
235752,0
484473,0
136316,1
2092625,0
2286924,1
490987,1
1102430,0
580549,1
1013571,1
2306517,0
492377,1
531561,1
2378829,0
687503,1
85961,0
2364657,0
529274,0
538610,0
1814790,0
439646,1
2309417,1
550683,1
388341,1
489366,0
2083809,1
223626,0
642354,1
2301985,1
607447,1
2225482,0
2312047,1
988100,0
758125,1
2081452,1
482508,1
768042,1
356367,1
733213,1
534555,1
847538,0
446499,0
2086346,1
779487,1
1249431,0
543090,0
1031052,1
780946,1
353287,0
2218971,0
431288,1
609802,1
2219279,0
593772,0
363609,0
839665,1
2218304,0
608023,1
1816178,0
341072,1
586602,0
793368,1
454473,1
2083008,1
413666,1
492208,0
214827,1
299891,1
2304884,0
355721,1
1622814,0
444835,1
2090897,1
2081325,1
2310074,0
2219349,1
359899,0
2224894,0
2487538,0
2276140,1
637520,1
176633,0
672173,1
2372349,0
2226469,1
589671,1
2374626,1
142734,1
607728,0
373326,0
532491,1
2375345,1
609578,1
2295353,1
429404,0
741781,1
527868,1
2308769,1
492566,1
749199,0
451013,1
880773,1
1078636,0
122637,1
2081932,0
2084013,0
2375248,0
2084561,0
2376897,1
1130774,1
889260,0
619389,1
644257,1
1132079,0
619937,1
1826687,1
421134,1
500864,1
2524728,1
373547,0
703237,1
787539,0
638921,1
1068997,1
1237323,1
2285222,0
423720,0
557104,0
447064,0
509603,1
1342239,0
466956,1
753519,0
217100,0
122065,0
2299984,1
2091352,1
382113,1
2324586,1
2285347,1
1865171,1
1134177,1
803178,1
1169997,0
2311409,0
441885,1
2299958,1
656642,0
670852,1
391704,0
616024,1
269818,1
256450,1
602764,0
2307345,1
739275,0
349308,1
2300183,1
438531,1
382835,0
584984,1
237087,1
514680,1
553657,1
1035619,1
1368289,1
502132,0
1704948,1
287491,1
2445522,1
577297,0
583936,1
572669,1
513261,1
416793,1
603585,0
403997,0
2378313,1
384704,1
524794,1
486360,1
838185,1
2376333,1
2297743,0
593988,0
832353,0
2305698,1
454980,0
499896,1
267015,0
594069,1
518362,1
363092,0
2228818,1
1052358,1
443376,0
453570,1
876755,0
1695013,1
399868,1
287890,0
2175239,1
2368666,0
612980,1
2299436,0
379994,1
368907,0
1864790,1
479589,0
2300233,0
455737,1
595977,0
1295920,1
391020,1
595017,0
445927,0
249031,1
2015106,1
469010,0
364451,0
593254,1
462531,0
2382883,0
2084471,0
569252,1
252729,0
2297493,1
479222,1
2309307,1
475892,0
483890,0
439268,1
647730,1
2093336,0
393734,0
654707,1
662135,1
1422258,1
367972,0
476995,0
729600,1
416486,1
440058,0
2285908,0
2089003,0
448944,1
428885,1
2312120,1
2381486,0
2308144,1
203532,1
510664,1
2225114,1
348064,1
413897,1
423711,1
266047,1
556376,0
369514,0
803785,1
1148956,1
2311018,1
2374897,0
753848,0
490680,1
2369452,1
974992,0
1057275,1
1009946,0
2296402,1
2373501,1
1437337,0
141676,0
2086818,1
371879,0
522702,1
465917,1
616906,0
725131,1
740077,0
447596,1
488679,0
351782,0
594022,1
2365499,1
188014,1
339637,0
270518,1
531127,0
361146,0
1855775,0
520318,0
444077,1
459934,0
601362,1
2078969,0
2371000,1
661748,0
501132,0
2367426,1
785690,1
351659,0
282202,0
381518,1
2311613,1
364909,1
347978,1
790929,1
2219372,0
790088,0
2300828,1
2376997,1
459277,1
563684,0
92507,1
425051,1
410236,1
574907,1
264923,0
2076639,1
527473,0
457027,1
395353,0
874030,1
514051,1
556806,1
852186,0
977671,0
2175720,0
468535,1
2044738,0
626523,1
1678156,1
2076598,1
290199,0
597296,0
413003,1
651668,1
2301850,0
2225102,1
689768,0
2081433,1
2298008,0
1117998,1
684402,0
796979,0
2214689,1
1037231,0
607757,1
2184856,1
2372870,0
518670,1
616772,1
245385,1
1446081,1
452590,0
1396196,1
2004705,1
2300689,1
577174,1
396422,1
2215802,0
1685935,0
2300073,0
2227939,1
580390,0
550404,0
2311353,1
364377,1
772288,0
1072572,0
516805,0
2477330,0
708206,0
2308819,1
617528,1
458830,0
445845,1
433890,0
872959,1
2175810,0
2078984,1
851151,0
452354,0
535806,1
461831,0
2486615,0
2307041,1
132060,1
1623114,1
790830,0
2487427,1
2276341,0
200247,1
444704,1
2185389,1
2014968,0
509216,1
434000,1
2444740,0
1865462,1
573283,1
362365,1
2383318,1
844892,0
2275890,0
567956,0
718793,0
380683,1
872939,0
1692843,1
568290,1
520867,1
480840,0
531337,0
599194,1
416813,1
2234721,0
432227,0
481122,1
437498,0
136226,0
875547,0
554759,0
699789,1
505580,1
591316,0
2227538,1
2306593,1
2083226,0
452318,1
1825099,1
581439,0
409767,0
653166,1
2366273,1
371815,1
889948,0
766293,1
618169,1
2082865,1
102376,0
552526,1
2224763,1
1198061,0
892205,1
825332,1
533698,1
497959,1
777271,0
461552,0
476558,0
736590,0
1007228,1
369213,1
2175817,1
627952,1
475548,0
725495,1
564894,0
2486866,0
2309572,1
566652,1
2214702,1
349431,0
561809,1
351065,1
2286431,0
1114758,0
387931,1
1638321,0
203367,1
2309626,0
2307687,0
2306229,1
2227648,1
978627,0
1053251,0
858470,1
2299759,1
2368029,1
350216,1
192239,0
1278034,0
1422996,1
489401,0
2369413,1
424676,1
457048,0
721257,1
654777,0
655892,0
2275677,1
1465947,0
2371199,0
986134,1
508759,1
625955,1
589764,0
2216449,1
450737,1
545799,0
816304,1
2376415,0
2276586,0
439641,0
2305144,1
598513,0
370308,1
482615,0
593181,0
1705502,1
2309256,1
380243,1
371814,1
2306658,1
2574807,1
753907,0
461912,1
406456,1
692746,0
1300194,1
2311959,1
2384704,0
723256,1
611082,1
2005162,1
764628,0
1184867,1
619525,1
2381813,1
2081730,1
2175223,0
1427421,1
520859,1
575984,1
2088154,1
1572339,1
1665064,0
1110996,0
485205,1
2088283,1
548125,1
614165,1
429510,1
277895,1
2090545,1
